time	TRIlong	TRIlat	TRImed	BIClong	BICshort	BRA	r_shoulder_elev_reserve	r_elbow_flex_reserve
      0.03000000	      0.02600000	      0.02617142	      0.02637230	      0.02000000	      0.02000000	      0.02000000	      0.00006055	     -0.00320614
      0.03008267	      0.02000000	      0.02916764	      0.03000843	      0.04657255	      0.03389253	      0.02265037	      0.00019395	     -0.00318850
      0.03016535	      0.02000000	      0.02916764	      0.03000843	      0.04657255	      0.03389253	      0.02265037	      0.00032736	     -0.00317086
      0.03057871	      0.02000000	      0.02916764	      0.03000843	      0.04657255	      0.03389253	      0.02265037	      0.00099439	     -0.00308265
      0.03264555	      0.02000000	      0.02916764	      0.03000843	      0.04657255	      0.03389253	      0.02265037	      0.00432955	     -0.00264165
      0.03546357	      0.02000000	      0.02916764	      0.03000843	      0.04657255	      0.03389253	      0.02265037	      0.00887688	     -0.00204037
      0.03828159	      0.02000000	      0.02916764	      0.03000843	      0.04657255	      0.03389253	      0.02265037	      0.01342420	     -0.00143909
      0.04000000	      0.02000000	      0.02916764	      0.03000843	      0.04657255	      0.03389253	      0.02265037	      0.01619713	     -0.00107243
      0.04019607	      0.02000000	      0.03015488	      0.03015811	      0.05905260	      0.03798666	      0.02000000	      0.01621059	     -0.00108742
      0.04039213	      0.02000000	      0.03015488	      0.03015811	      0.05905260	      0.03798666	      0.02000000	      0.01622406	     -0.00110242
      0.04137246	      0.02000000	      0.03015488	      0.03015811	      0.05905260	      0.03798666	      0.02000000	      0.01629140	     -0.00117738
      0.04627412	      0.02000000	      0.03015488	      0.03015811	      0.05905260	      0.03798666	      0.02000000	      0.01662811	     -0.00155222
      0.05000000	      0.02000000	      0.03015488	      0.03015811	      0.05905260	      0.03798666	      0.02000000	      0.01688405	     -0.00183715
      0.05020712	      0.02000000	      0.02200000	      0.02200000	      0.06974596	      0.04496041	      0.02200000	      0.01686893	     -0.00175477
      0.05041424	      0.02000000	      0.02200000	      0.02200000	      0.06974596	      0.04496041	      0.02200000	      0.01685380	     -0.00167239
      0.05144985	      0.02000000	      0.02200000	      0.02200000	      0.06974596	      0.04496041	      0.02200000	      0.01677819	     -0.00126050
      0.05542770	      0.02000000	      0.02200000	      0.02200000	      0.06974596	      0.04496041	      0.02200000	      0.01648776	      0.00032162
      0.05940554	      0.02000000	      0.02200000	      0.02200000	      0.06974596	      0.04496041	      0.02200000	      0.01619732	      0.00190374
      0.06000000	      0.02000000	      0.02200000	      0.02200000	      0.06974596	      0.04496041	      0.02200000	      0.01615392	      0.00214017
      0.06049623	      0.02200000	      0.02600000	      0.02600000	      0.07438386	      0.04761730	      0.02200000	      0.01627096	      0.00196863
      0.06099246	      0.02200000	      0.02600000	      0.02600000	      0.07438386	      0.04761730	      0.02200000	      0.01638801	      0.00179709
      0.06347361	      0.02200000	      0.02600000	      0.02600000	      0.07438386	      0.04761730	      0.02200000	      0.01697323	      0.00093939
      0.07000000	      0.02200000	      0.02600000	      0.02600000	      0.07438386	      0.04761730	      0.02200000	      0.01851258	     -0.00131669
      0.07039117	      0.02000000	      0.02800000	      0.02400000	      0.08074564	      0.04995957	      0.02424044	      0.01855232	     -0.00128389
      0.07078235	      0.02000000	      0.02800000	      0.02400000	      0.08074564	      0.04995957	      0.02424044	      0.01859206	     -0.00125109
      0.07273822	      0.02000000	      0.02800000	      0.02400000	      0.08074564	      0.04995957	      0.02424044	      0.01879074	     -0.00108707
      0.07603821	      0.02000000	      0.02800000	      0.02400000	      0.08074564	      0.04995957	      0.02424044	      0.01912597	     -0.00081033
      0.07933820	      0.02000000	      0.02800000	      0.02400000	      0.08074564	      0.04995957	      0.02424044	      0.01946120	     -0.00053360
      0.08000000	      0.02000000	      0.02800000	      0.02400000	      0.08074564	      0.04995957	      0.02424044	      0.01952843	     -0.00047810
      0.08162658	      0.02000000	      0.02400000	      0.02400000	      0.08176272	      0.04220373	      0.02200000	      0.01955625	     -0.00056518
      0.08325315	      0.02000000	      0.02400000	      0.02400000	      0.08176272	      0.04220373	      0.02200000	      0.01958407	     -0.00065226
      0.08834952	      0.02000000	      0.02400000	      0.02400000	      0.08176272	      0.04220373	      0.02200000	      0.01967123	     -0.00092510
      0.09000000	      0.02000000	      0.02400000	      0.02400000	      0.08176272	      0.04220373	      0.02200000	      0.01969946	     -0.00101345
      0.09205720	      0.02000000	      0.02200000	      0.02200000	      0.07449728	      0.04792718	      0.02400000	      0.01994036	     -0.00077743
      0.09411440	      0.02000000	      0.02200000	      0.02200000	      0.07449728	      0.04792718	      0.02400000	      0.02018126	     -0.00054140
      0.09951710	      0.02000000	      0.02200000	      0.02200000	      0.07449728	      0.04792718	      0.02400000	      0.02081393	      0.00007847
      0.10000000	      0.02000000	      0.02200000	      0.02200000	      0.07449728	      0.04792718	      0.02400000	      0.02087048	      0.00013388
      0.10165003	      0.02000000	      0.02200000	      0.02200000	      0.08113820	      0.04900456	      0.02400000	      0.02066301	      0.00014090
      0.10330006	      0.02000000	      0.02200000	      0.02200000	      0.08113820	      0.04900456	      0.02400000	      0.02045553	      0.00014793
      0.11000000	      0.02000000	      0.02200000	      0.02200000	      0.08113820	      0.04900456	      0.02400000	      0.01961310	      0.00017645
      0.11192976	      0.02000000	      0.02200000	      0.02200000	      0.07028339	      0.03828738	      0.02419422	      0.01944215	      0.00004589
      0.11385951	      0.02000000	      0.02200000	      0.02200000	      0.07028339	      0.03828738	      0.02419422	      0.01927120	     -0.00008467
      0.12000000	      0.02000000	      0.02200000	      0.02200000	      0.07028339	      0.03828738	      0.02419422	      0.01872725	     -0.00050012
      0.12098784	      0.02000000	      0.02200000	      0.02200000	      0.07308579	      0.04628747	      0.02653943	      0.01873180	     -0.00042093
      0.12197568	      0.02000000	      0.02200000	      0.02200000	      0.07308579	      0.04628747	      0.02653943	      0.01873636	     -0.00034174
      0.12396117	      0.02000000	      0.02200000	      0.02200000	      0.07308579	      0.04628747	      0.02653943	      0.01874552	     -0.00018258
      0.12750928	      0.02000000	      0.02200000	      0.02200000	      0.07308579	      0.04628747	      0.02653943	      0.01876188	      0.00010185
      0.13000000	      0.02000000	      0.02200000	      0.02200000	      0.07308579	      0.04628747	      0.02653943	      0.01877337	      0.00030152
      0.13264289	      0.02000000	      0.02200000	      0.02200000	      0.07706382	      0.03799036	      0.02200000	      0.01876489	      0.00004063
      0.13528577	      0.02000000	      0.02200000	      0.02200000	      0.07706382	      0.03799036	      0.02200000	      0.01875641	     -0.00022026
      0.14000000	      0.02000000	      0.02200000	      0.02200000	      0.07706382	      0.03799036	      0.02200000	      0.01874128	     -0.00068562
      0.14104698	      0.02000000	      0.02000000	      0.02000000	      0.08072954	      0.04156539	      0.02400000	      0.01886828	     -0.00069225
      0.14209397	      0.02000000	      0.02000000	      0.02000000	      0.08072954	      0.04156539	      0.02400000	      0.01899528	     -0.00069888
      0.14648952	      0.02000000	      0.02000000	      0.02000000	      0.08072954	      0.04156539	      0.02400000	      0.01952846	     -0.00072672
      0.15000000	      0.02000000	      0.02000000	      0.02000000	      0.08072954	      0.04156539	      0.02400000	      0.01995428	     -0.00074895
      0.15163225	      0.02000000	      0.02200000	      0.02200000	      0.08234155	      0.03495205	      0.02200000	      0.01975810	     -0.00072303
      0.15326449	      0.02000000	      0.02200000	      0.02200000	      0.08234155	      0.03495205	      0.02200000	      0.01956192	     -0.00069710
      0.16000000	      0.02000000	      0.02200000	      0.02200000	      0.08234155	      0.03495205	      0.02200000	      0.01875239	     -0.00059013
      0.16077438	      0.02000000	      0.02400000	      0.02400000	      0.08396965	      0.04626101	      0.02600000	      0.01883934	     -0.00063482
      0.16154875	      0.02000000	      0.02400000	      0.02400000	      0.08396965	      0.04626101	      0.02600000	      0.01892630	     -0.00067952
      0.16542063	      0.02000000	      0.02400000	      0.02400000	      0.08396965	      0.04626101	      0.02600000	      0.01936107	     -0.00090298
      0.16929251	      0.02000000	      0.02400000	      0.02400000	      0.08396965	      0.04626101	      0.02600000	      0.01979584	     -0.00112645
      0.17000000	      0.02000000	      0.02400000	      0.02400000	      0.08396965	      0.04626101	      0.02600000	      0.01987528	     -0.00116729
      0.17037297	      0.02000000	      0.02444552	      0.02400000	      0.09185651	      0.04731771	      0.02600000	      0.01988761	     -0.00113601
      0.17074594	      0.02000000	      0.02444552	      0.02400000	      0.09185651	      0.04731771	      0.02600000	      0.01989994	     -0.00110474
      0.17261080	      0.02000000	      0.02444552	      0.02400000	      0.09185651	      0.04731771	      0.02600000	      0.01996159	     -0.00094838
      0.17911290	      0.02000000	      0.02444552	      0.02400000	      0.09185651	      0.04731771	      0.02600000	      0.02017653	     -0.00040321
      0.18000000	      0.02000000	      0.02444552	      0.02400000	      0.09185651	      0.04731771	      0.02600000	      0.02020585	     -0.00032883
      0.18049195	      0.02000000	      0.02472986	      0.02490140	      0.09738402	      0.04864484	      0.02400000	      0.02015674	     -0.00033427
      0.18098390	      0.02000000	      0.02472986	      0.02490140	      0.09738402	      0.04864484	      0.02400000	      0.02010762	     -0.00033971
      0.18344365	      0.02000000	      0.02472986	      0.02490140	      0.09738402	      0.04864484	      0.02400000	      0.01986205	     -0.00036691
      0.18699583	      0.02000000	      0.02472986	      0.02490140	      0.09738402	      0.04864484	      0.02400000	      0.01950742	     -0.00040619
      0.19000000	      0.02000000	      0.02472986	      0.02490140	      0.09738402	      0.04864484	      0.02400000	      0.01920750	     -0.00043941
      0.19036054	      0.02000000	      0.02492054	      0.02537516	      0.10524463	      0.05162616	      0.02600000	      0.01926803	     -0.00046946
      0.19072107	      0.02000000	      0.02492054	      0.02537516	      0.10524463	      0.05162616	      0.02600000	      0.01932857	     -0.00049951
      0.19252376	      0.02000000	      0.02492054	      0.02537516	      0.10524463	      0.05162616	      0.02600000	      0.01963124	     -0.00064978
      0.19739757	      0.02000000	      0.02492054	      0.02537516	      0.10524463	      0.05162616	      0.02600000	      0.02044955	     -0.00105605
      0.20000000	      0.02000000	      0.02492054	      0.02537516	      0.10524463	      0.05162616	      0.02600000	      0.02088650	     -0.00127299
      0.20034243	      0.02000000	      0.02710458	      0.02640193	      0.11365878	      0.05284375	      0.02400000	      0.02090969	     -0.00124243
      0.20068486	      0.02000000	      0.02710458	      0.02640193	      0.11365878	      0.05284375	      0.02400000	      0.02093288	     -0.00121187
      0.20239699	      0.02000000	      0.02710458	      0.02640193	      0.11365878	      0.05284375	      0.02400000	      0.02104881	     -0.00105907
      0.20530999	      0.02000000	      0.02710458	      0.02640193	      0.11365878	      0.05284375	      0.02400000	      0.02124606	     -0.00079911
      0.20822299	      0.02000000	      0.02710458	      0.02640193	      0.11365878	      0.05284375	      0.02400000	      0.02144330	     -0.00053915
      0.21000000	      0.02000000	      0.02710458	      0.02640193	      0.11365878	      0.05284375	      0.02400000	      0.02156363	     -0.00038056
      0.21032585	      0.02000000	      0.02600000	      0.02661050	      0.12249615	      0.05573922	      0.02400000	      0.02160204	     -0.00046040
      0.21065169	      0.02000000	      0.02600000	      0.02661050	      0.12249615	      0.05573922	      0.02400000	      0.02164045	     -0.00054024
      0.21142948	      0.02000000	      0.02600000	      0.02661050	      0.12249615	      0.05573922	      0.02400000	      0.02173213	     -0.00073081
      0.21531843	      0.02000000	      0.02600000	      0.02661050	      0.12249615	      0.05573922	      0.02400000	      0.02219055	     -0.00168368
      0.21920738	      0.02000000	      0.02600000	      0.02661050	      0.12249615	      0.05573922	      0.02400000	      0.02264898	     -0.00263654
      0.22000000	      0.02000000	      0.02600000	      0.02661050	      0.12249615	      0.05573922	      0.02400000	      0.02274241	     -0.00283075
      0.22033629	      0.02000000	      0.02693007	      0.02836549	      0.13194293	      0.05579391	      0.02200000	      0.02273670	     -0.00282144
      0.22067257	      0.02000000	      0.02693007	      0.02836549	      0.13194293	      0.05579391	      0.02200000	      0.02273099	     -0.00281214
      0.22235401	      0.02000000	      0.02693007	      0.02836549	      0.13194293	      0.05579391	      0.02200000	      0.02270245	     -0.00276561
      0.22538937	      0.02000000	      0.02693007	      0.02836549	      0.13194293	      0.05579391	      0.02200000	      0.02265092	     -0.00268163
      0.22842473	      0.02000000	      0.02693007	      0.02836549	      0.13194293	      0.05579391	      0.02200000	      0.02259940	     -0.00259765
      0.23000000	      0.02000000	      0.02693007	      0.02836549	      0.13194293	      0.05579391	      0.02200000	      0.02257266	     -0.00255406
      0.23037751	      0.02000000	      0.02729560	      0.02767941	      0.13970186	      0.05948668	      0.02200000	      0.02270138	     -0.00254816
      0.23075501	      0.02000000	      0.02729560	      0.02767941	      0.13970186	      0.05948668	      0.02200000	      0.02283010	     -0.00254225
      0.23264254	      0.02000000	      0.02729560	      0.02767941	      0.13970186	      0.05948668	      0.02200000	      0.02347369	     -0.00251274
      0.23702277	      0.02000000	      0.02729560	      0.02767941	      0.13970186	      0.05948668	      0.02200000	      0.02496723	     -0.00244424
      0.24000000	      0.02000000	      0.02729560	      0.02767941	      0.13970186	      0.05948668	      0.02200000	      0.02598238	     -0.00239768
      0.24029598	      0.02000000	      0.02848525	      0.03022613	      0.15053093	      0.06118473	      0.02200000	      0.02594169	     -0.00238404
      0.24059196	      0.02000000	      0.02848525	      0.03022613	      0.15053093	      0.06118473	      0.02200000	      0.02590099	     -0.00237039
      0.24207186	      0.02000000	      0.02848525	      0.03022613	      0.15053093	      0.06118473	      0.02200000	      0.02569753	     -0.00230218
      0.24466654	      0.02000000	      0.02848525	      0.03022613	      0.15053093	      0.06118473	      0.02200000	      0.02534081	     -0.00218258
      0.24726122	      0.02000000	      0.02848525	      0.03022613	      0.15053093	      0.06118473	      0.02200000	      0.02498408	     -0.00206298
      0.25000000	      0.02000000	      0.02848525	      0.03022613	      0.15053093	      0.06118473	      0.02200000	      0.02460754	     -0.00193673
      0.25039871	      0.02000000	      0.03062627	      0.02938477	      0.15837182	      0.06068782	      0.02200000	      0.02463168	     -0.00193911
      0.25079742	      0.02000000	      0.03062627	      0.02938477	      0.15837182	      0.06068782	      0.02200000	      0.02465581	     -0.00194149
      0.25279099	      0.02000000	      0.03062627	      0.02938477	      0.15837182	      0.06068782	      0.02200000	      0.02477649	     -0.00195340
      0.25604848	      0.02000000	      0.03062627	      0.02938477	      0.15837182	      0.06068782	      0.02200000	      0.02497368	     -0.00197284
      0.26000000	      0.02000000	      0.03062627	      0.02938477	      0.15837182	      0.06068782	      0.02200000	      0.02521289	     -0.00199643
      0.26034619	      0.02000000	      0.03115367	      0.03174909	      0.16697139	      0.06411263	      0.02200000	      0.02522988	     -0.00199637
      0.26069238	      0.02000000	      0.03115367	      0.03174909	      0.16697139	      0.06411263	      0.02200000	      0.02524687	     -0.00199630
      0.26235185	      0.02000000	      0.03115367	      0.03174909	      0.16697139	      0.06411263	      0.02200000	      0.02532831	     -0.00199598
      0.26508339	      0.02000000	      0.03115367	      0.03174909	      0.16697139	      0.06411263	      0.02200000	      0.02546237	     -0.00199544
      0.26854648	      0.02000000	      0.03115367	      0.03174909	      0.16697139	      0.06411263	      0.02200000	      0.02563233	     -0.00199476
      0.27000000	      0.02000000	      0.03115367	      0.03174909	      0.16697139	      0.06411263	      0.02200000	      0.02570366	     -0.00199448
      0.27048564	      0.02000000	      0.03232226	      0.03164369	      0.17373704	      0.06427395	      0.02200000	      0.02575095	     -0.00201621
      0.27097127	      0.02000000	      0.03232226	      0.03164369	      0.17373704	      0.06427395	      0.02200000	      0.02579824	     -0.00203793
      0.27339945	      0.02000000	      0.03232226	      0.03164369	      0.17373704	      0.06427395	      0.02200000	      0.02603468	     -0.00214657
      0.27675549	      0.02000000	      0.03232226	      0.03164369	      0.17373704	      0.06427395	      0.02200000	      0.02636147	     -0.00229671
      0.28000000	      0.02000000	      0.03232226	      0.03164369	      0.17373704	      0.06427395	      0.02200000	      0.02667740	     -0.00244186
      0.28037321	      0.02000000	      0.03230987	      0.03272589	      0.18254383	      0.06730947	      0.02200000	      0.02671488	     -0.00245363
      0.28074643	      0.02000000	      0.03230987	      0.03272589	      0.18254383	      0.06730947	      0.02200000	      0.02675237	     -0.00246539
      0.28261250	      0.02000000	      0.03230987	      0.03272589	      0.18254383	      0.06730947	      0.02200000	      0.02693977	     -0.00252422
      0.28579446	      0.02000000	      0.03230987	      0.03272589	      0.18254383	      0.06730947	      0.02200000	      0.02725933	     -0.00262453
      0.29000000	      0.02000000	      0.03230987	      0.03272589	      0.18254383	      0.06730947	      0.02200000	      0.02768169	     -0.00275710
      0.29040638	      0.02000000	      0.03515510	      0.03366483	      0.19098252	      0.05945418	      0.02200000	      0.02770201	     -0.00276338
      0.29081276	      0.02000000	      0.03515510	      0.03366483	      0.19098252	      0.05945418	      0.02200000	      0.02772233	     -0.00276966
      0.29284467	      0.02000000	      0.03515510	      0.03366483	      0.19098252	      0.05945418	      0.02200000	      0.02782393	     -0.00280104
      0.29487658	      0.02000000	      0.03515510	      0.03366483	      0.19098252	      0.05945418	      0.02200000	      0.02792554	     -0.00283243
      0.29852056	      0.02000000	      0.03515510	      0.03366483	      0.19098252	      0.05945418	      0.02200000	      0.02810775	     -0.00288872
      0.30000000	      0.02000000	      0.03515510	      0.03366483	      0.19098252	      0.05945418	      0.02200000	      0.02818173	     -0.00291157
      0.30037158	      0.02000000	      0.03390102	      0.03666669	      0.19941207	      0.06712669	      0.02200000	      0.02819792	     -0.00290914
      0.30074315	      0.02000000	      0.03390102	      0.03666669	      0.19941207	      0.06712669	      0.02200000	      0.02821411	     -0.00290671
      0.30260103	      0.02000000	      0.03390102	      0.03666669	      0.19941207	      0.06712669	      0.02200000	      0.02829507	     -0.00289454
      0.30527338	      0.02000000	      0.03390102	      0.03666669	      0.19941207	      0.06712669	      0.02200000	      0.02841152	     -0.00287705
      0.30906233	      0.02000000	      0.03390102	      0.03666669	      0.19941207	      0.06712669	      0.02200000	      0.02857663	     -0.00285225
      0.31000000	      0.02000000	      0.03390102	      0.03666669	      0.19941207	      0.06712669	      0.02200000	      0.02861749	     -0.00284611
      0.31037564	      0.02000000	      0.03630796	      0.03535885	      0.20895431	      0.06830589	      0.02000000	      0.02863631	     -0.00284859
      0.31075129	      0.02000000	      0.03630796	      0.03535885	      0.20895431	      0.06830589	      0.02000000	      0.02865513	     -0.00285107
      0.31262951	      0.02000000	      0.03630796	      0.03535885	      0.20895431	      0.06830589	      0.02000000	      0.02874924	     -0.00286348
      0.31603577	      0.02000000	      0.03630796	      0.03535885	      0.20895431	      0.06830589	      0.02000000	      0.02891992	     -0.00288599
      0.32000000	      0.02000000	      0.03630796	      0.03535885	      0.20895431	      0.06830589	      0.02000000	      0.02911856	     -0.00291218
      0.32035056	      0.02000000	      0.03754839	      0.03772658	      0.21830566	      0.07133955	      0.02200000	      0.02915842	     -0.00292354
      0.32070113	      0.02000000	      0.03754839	      0.03772658	      0.21830566	      0.07133955	      0.02200000	      0.02919828	     -0.00293489
      0.32223425	      0.02000000	      0.03754839	      0.03772658	      0.21830566	      0.07133955	      0.02200000	      0.02937259	     -0.00298455
      0.32524885	      0.02000000	      0.03754839	      0.03772658	      0.21830566	      0.07133955	      0.02200000	      0.02971534	     -0.00308218
      0.32826346	      0.02000000	      0.03754839	      0.03772658	      0.21830566	      0.07133955	      0.02200000	      0.03005810	     -0.00317982
      0.33000000	      0.02000000	      0.03754839	      0.03772658	      0.21830566	      0.07133955	      0.02200000	      0.03025554	     -0.00323606
      0.33043277	      0.02000000	      0.03862219	      0.04003923	      0.22668930	      0.06082175	      0.02000000	      0.03025372	     -0.00322259
      0.33086553	      0.02000000	      0.03862219	      0.04003923	      0.22668930	      0.06082175	      0.02000000	      0.03025191	     -0.00320913
      0.33302936	      0.02000000	      0.03862219	      0.04003923	      0.22668930	      0.06082175	      0.02000000	      0.03024282	     -0.00314181
      0.33519319	      0.02000000	      0.03862219	      0.04003923	      0.22668930	      0.06082175	      0.02000000	      0.03023373	     -0.00307448
      0.33923727	      0.02000000	      0.03862219	      0.04003923	      0.22668930	      0.06082175	      0.02000000	      0.03021674	     -0.00294866
      0.34000000	      0.02000000	      0.03862219	      0.04003923	      0.22668930	      0.06082175	      0.02000000	      0.03021354	     -0.00292493
      0.34037835	      0.02000000	      0.04050467	      0.04078475	      0.23595467	      0.07056906	      0.02000000	      0.03025358	     -0.00294125
      0.34075671	      0.02000000	      0.04050467	      0.04078475	      0.23595467	      0.07056906	      0.02000000	      0.03029362	     -0.00295758
      0.34264847	      0.02000000	      0.04050467	      0.04078475	      0.23595467	      0.07056906	      0.02000000	      0.03049384	     -0.00303923
      0.34516330	      0.02000000	      0.04050467	      0.04078475	      0.23595467	      0.07056906	      0.02000000	      0.03075999	     -0.00314776
      0.34884467	      0.02000000	      0.04050467	      0.04078475	      0.23595467	      0.07056906	      0.02000000	      0.03114961	     -0.00330663
      0.35000000	      0.02000000	      0.04050467	      0.04078475	      0.23595467	      0.07056906	      0.02000000	      0.03127188	     -0.00335649
      0.35033848	      0.02000000	      0.04186585	      0.04182522	      0.24748684	      0.07154240	      0.02200000	      0.03128115	     -0.00334407
      0.35067696	      0.02000000	      0.04186585	      0.04182522	      0.24748684	      0.07154240	      0.02200000	      0.03129042	     -0.00333166
      0.35236936	      0.02000000	      0.04186585	      0.04182522	      0.24748684	      0.07154240	      0.02200000	      0.03133676	     -0.00326957
      0.35494061	      0.02000000	      0.04186585	      0.04182522	      0.24748684	      0.07154240	      0.02200000	      0.03140716	     -0.00317523
      0.35861227	      0.02000000	      0.04186585	      0.04182522	      0.24748684	      0.07154240	      0.02200000	      0.03150769	     -0.00304053
      0.36000000	      0.02000000	      0.04186585	      0.04182522	      0.24748684	      0.07154240	      0.02200000	      0.03154569	     -0.00298962
      0.36041160	      0.02000000	      0.04377256	      0.04358531	      0.25692829	      0.07340969	      0.02000000	      0.03157751	     -0.00299492
      0.36082319	      0.02000000	      0.04377256	      0.04358531	      0.25692829	      0.07340969	      0.02000000	      0.03160933	     -0.00300021
      0.36288118	      0.02000000	      0.04377256	      0.04358531	      0.25692829	      0.07340969	      0.02000000	      0.03176844	     -0.00302669
      0.36493916	      0.02000000	      0.04377256	      0.04358531	      0.25692829	      0.07340969	      0.02000000	      0.03192755	     -0.00305318
      0.36874227	      0.02000000	      0.04377256	      0.04358531	      0.25692829	      0.07340969	      0.02000000	      0.03222158	     -0.00310212
      0.37000000	      0.02000000	      0.04377256	      0.04358531	      0.25692829	      0.07340969	      0.02000000	      0.03231881	     -0.00311830
      0.37037581	      0.02000000	      0.04415196	      0.04481548	      0.26779302	      0.07247892	      0.02000000	      0.03234865	     -0.00312342
      0.37075162	      0.02000000	      0.04415196	      0.04481548	      0.26779302	      0.07247892	      0.02000000	      0.03237849	     -0.00312855
      0.37263066	      0.02000000	      0.04415196	      0.04481548	      0.26779302	      0.07247892	      0.02000000	      0.03252767	     -0.00315416
      0.37540953	      0.02000000	      0.04415196	      0.04481548	      0.26779302	      0.07247892	      0.02000000	      0.03274830	     -0.00319204
      0.37945372	      0.02000000	      0.04415196	      0.04481548	      0.26779302	      0.07247892	      0.02000000	      0.03306939	     -0.00324716
      0.38000000	      0.02000000	      0.04415196	      0.04481548	      0.26779302	      0.07247892	      0.02000000	      0.03311276	     -0.00325461
      0.38038122	      0.02000000	      0.04663440	      0.04758624	      0.27809850	      0.07256428	      0.02000000	      0.03314552	     -0.00326110
      0.38076245	      0.02000000	      0.04663440	      0.04758624	      0.27809850	      0.07256428	      0.02000000	      0.03317828	     -0.00326759
      0.38266857	      0.02000000	      0.04663440	      0.04758624	      0.27809850	      0.07256428	      0.02000000	      0.03334208	     -0.00330006
      0.38457469	      0.02000000	      0.04663440	      0.04758624	      0.27809850	      0.07256428	      0.02000000	      0.03350588	     -0.00333252
      0.38792902	      0.02000000	      0.04663440	      0.04758624	      0.27809850	      0.07256428	      0.02000000	      0.03379412	     -0.00338965
      0.39000000	      0.02000000	      0.04663440	      0.04758624	      0.27809850	      0.07256428	      0.02000000	      0.03397209	     -0.00342493
      0.39034840	      0.02000000	      0.04898953	      0.04863565	      0.28926445	      0.07452841	      0.02000000	      0.03400263	     -0.00343100
      0.39069680	      0.02000000	      0.04898953	      0.04863565	      0.28926445	      0.07452841	      0.02000000	      0.03403317	     -0.00343707
      0.39243881	      0.02000000	      0.04898953	      0.04863565	      0.28926445	      0.07452841	      0.02000000	      0.03418586	     -0.00346743
      0.39485227	      0.02000000	      0.04898953	      0.04863565	      0.28926445	      0.07452841	      0.02000000	      0.03439741	     -0.00350949
      0.39817333	      0.02000000	      0.04898953	      0.04863565	      0.28926445	      0.07452841	      0.02000000	      0.03468852	     -0.00356737
      0.40000000	      0.02000000	      0.04898953	      0.04863565	      0.28926445	      0.07452841	      0.02000000	      0.03484863	     -0.00359920
      0.40036263	      0.02000000	      0.04944462	      0.05148160	      0.30004642	      0.06805438	      0.02000000	      0.03488204	     -0.00360539
      0.40072526	      0.02000000	      0.04944462	      0.05148160	      0.30004642	      0.06805438	      0.02000000	      0.03491544	     -0.00361159
      0.40253841	      0.02000000	      0.04944462	      0.05148160	      0.30004642	      0.06805438	      0.02000000	      0.03508247	     -0.00364256
      0.40493726	      0.02000000	      0.04944462	      0.05148160	      0.30004642	      0.06805438	      0.02000000	      0.03530346	     -0.00368353
      0.40838064	      0.02000000	      0.04944462	      0.05148160	      0.30004642	      0.06805438	      0.02000000	      0.03562067	     -0.00374235
      0.41000000	      0.02000000	      0.04944462	      0.05148160	      0.30004642	      0.06805438	      0.02000000	      0.03576985	     -0.00377001
      0.41034686	      0.02000000	      0.05265323	      0.05325812	      0.31094371	      0.07248990	      0.02000000	      0.03580174	     -0.00377669
      0.41069371	      0.02000000	      0.05265323	      0.05325812	      0.31094371	      0.07248990	      0.02000000	      0.03583363	     -0.00378337
      0.41242799	      0.02000000	      0.05265323	      0.05325812	      0.31094371	      0.07248990	      0.02000000	      0.03599308	     -0.00381677
      0.41466016	      0.02000000	      0.05265323	      0.05325812	      0.31094371	      0.07248990	      0.02000000	      0.03619831	     -0.00385976
      0.41776998	      0.02000000	      0.05265323	      0.05325812	      0.31094371	      0.07248990	      0.02000000	      0.03648422	     -0.00391965
      0.42000000	      0.02000000	      0.05265323	      0.05325812	      0.31094371	      0.07248990	      0.02000000	      0.03668925	     -0.00396259
      0.42038539	      0.02000000	      0.05403849	      0.05486915	      0.32179230	      0.06624586	      0.02000000	      0.03672715	     -0.00396965
      0.42077079	      0.02000000	      0.05403849	      0.05486915	      0.32179230	      0.06624586	      0.02000000	      0.03676504	     -0.00397671
      0.42269775	      0.02000000	      0.05403849	      0.05486915	      0.32179230	      0.06624586	      0.02000000	      0.03695451	     -0.00401198
      0.42515824	      0.02000000	      0.05403849	      0.05486915	      0.32179230	      0.06624586	      0.02000000	      0.03719645	     -0.00405703
      0.42877530	      0.02000000	      0.05403849	      0.05486915	      0.32179230	      0.06624586	      0.02000000	      0.03755210	     -0.00412325
      0.43000000	      0.02000000	      0.05403849	      0.05486915	      0.32179230	      0.06624586	      0.02000000	      0.03767253	     -0.00414567
      0.43032991	      0.02000000	      0.05736556	      0.05847780	      0.33248863	      0.06556253	      0.02000000	      0.03770661	     -0.00415273
      0.43065983	      0.02000000	      0.05736556	      0.05847780	      0.33248863	      0.06556253	      0.02000000	      0.03774070	     -0.00415980
      0.43230939	      0.02000000	      0.05736556	      0.05847780	      0.33248863	      0.06556253	      0.02000000	      0.03791113	     -0.00419510
      0.43441554	      0.02000000	      0.05736556	      0.05847780	      0.33248863	      0.06556253	      0.02000000	      0.03812874	     -0.00424018
      0.43728468	      0.02000000	      0.05736556	      0.05847780	      0.33248863	      0.06556253	      0.02000000	      0.03842518	     -0.00430159
      0.44000000	      0.02000000	      0.05736556	      0.05847780	      0.33248863	      0.06556253	      0.02000000	      0.03870573	     -0.00435971
      0.44035473	      0.02000000	      0.06072517	      0.06055307	      0.34334491	      0.06405933	      0.02000000	      0.03874204	     -0.00436801
      0.44070945	      0.02000000	      0.06072517	      0.06055307	      0.34334491	      0.06405933	      0.02000000	      0.03877835	     -0.00437632
      0.44248308	      0.02000000	      0.06072517	      0.06055307	      0.34334491	      0.06405933	      0.02000000	      0.03895992	     -0.00441786
      0.44472729	      0.02000000	      0.06072517	      0.06055307	      0.34334491	      0.06405933	      0.02000000	      0.03918966	     -0.00447042
      0.44785184	      0.02000000	      0.06072517	      0.06055307	      0.34334491	      0.06405933	      0.02000000	      0.03950952	     -0.00454359
      0.45000000	      0.02000000	      0.06072517	      0.06055307	      0.34334491	      0.06405933	      0.02000000	      0.03972943	     -0.00459390
      0.45039679	      0.02000000	      0.06303257	      0.06389600	      0.35414788	      0.06106204	      0.02000000	      0.03976872	     -0.00460501
      0.45079358	      0.02000000	      0.06303257	      0.06389600	      0.35414788	      0.06106204	      0.02000000	      0.03980801	     -0.00461613
      0.45277752	      0.02000000	      0.06303257	      0.06389600	      0.35414788	      0.06106204	      0.02000000	      0.04000445	     -0.00467172
      0.45476146	      0.02000000	      0.06303257	      0.06389600	      0.35414788	      0.06106204	      0.02000000	      0.04020090	     -0.00472730
      0.45820116	      0.02000000	      0.06303257	      0.06389600	      0.35414788	      0.06106204	      0.02000000	      0.04054149	     -0.00482368
      0.46000000	      0.02000000	      0.06303257	      0.06389600	      0.35414788	      0.06106204	      0.02000000	      0.04071960	     -0.00487408
      0.46041099	      0.02000000	      0.06607036	      0.06654139	      0.36453868	      0.05755973	      0.02000000	      0.04075870	     -0.00488790
      0.46082198	      0.02000000	      0.06607036	      0.06654139	      0.36453868	      0.05755973	      0.02000000	      0.04079779	     -0.00490172
      0.46287693	      0.02000000	      0.06607036	      0.06654139	      0.36453868	      0.05755973	      0.02000000	      0.04099328	     -0.00497084
      0.46493188	      0.02000000	      0.06607036	      0.06654139	      0.36453868	      0.05755973	      0.02000000	      0.04118876	     -0.00503997
      0.46842184	      0.02000000	      0.06607036	      0.06654139	      0.36453868	      0.05755973	      0.02000000	      0.04152075	     -0.00515735
      0.47000000	      0.02000000	      0.06607036	      0.06654139	      0.36453868	      0.05755973	      0.02000000	      0.04167088	     -0.00521044
      0.47045582	      0.02000000	      0.06799581	      0.06872657	      0.37470450	      0.05079850	      0.02000000	      0.04173217	     -0.00521990
      0.47091164	      0.02000000	      0.06799581	      0.06872657	      0.37470450	      0.05079850	      0.02000000	      0.04179346	     -0.00522936
      0.47319076	      0.02000000	      0.06799581	      0.06872657	      0.37470450	      0.05079850	      0.02000000	      0.04209989	     -0.00527668
      0.47546987	      0.02000000	      0.06799581	      0.06872657	      0.37470450	      0.05079850	      0.02000000	      0.04240633	     -0.00532399
      0.47939627	      0.02000000	      0.06799581	      0.06872657	      0.37470450	      0.05079850	      0.02000000	      0.04293426	     -0.00540551
      0.48000000	      0.02000000	      0.06799581	      0.06872657	      0.37470450	      0.05079850	      0.02000000	      0.04301543	     -0.00541804
      0.48041744	      0.02000000	      0.07125742	      0.07156616	      0.38469880	      0.04173180	      0.02000000	      0.04306295	     -0.00542771
      0.48083488	      0.02000000	      0.07125742	      0.07156616	      0.38469880	      0.04173180	      0.02000000	      0.04311046	     -0.00543739
      0.48292207	      0.02000000	      0.07125742	      0.07156616	      0.38469880	      0.04173180	      0.02000000	      0.04334803	     -0.00548577
      0.48500927	      0.02000000	      0.07125742	      0.07156616	      0.38469880	      0.04173180	      0.02000000	      0.04358559	     -0.00553415
      0.48848097	      0.02000000	      0.07125742	      0.07156616	      0.38469880	      0.04173180	      0.02000000	      0.04398075	     -0.00561462
      0.49000000	      0.02000000	      0.07125742	      0.07156616	      0.38469880	      0.04173180	      0.02000000	      0.04415364	     -0.00564983
      0.49039544	      0.02000000	      0.07455083	      0.07569110	      0.39463193	      0.03771828	      0.02000000	      0.04417590	     -0.00566076
      0.49079088	      0.02000000	      0.07455083	      0.07569110	      0.39463193	      0.03771828	      0.02000000	      0.04419815	     -0.00567168
      0.49276808	      0.02000000	      0.07455083	      0.07569110	      0.39463193	      0.03771828	      0.02000000	      0.04430942	     -0.00572633
      0.49474528	      0.02000000	      0.07455083	      0.07569110	      0.39463193	      0.03771828	      0.02000000	      0.04442068	     -0.00578097
      0.49804823	      0.02000000	      0.07455083	      0.07569110	      0.39463193	      0.03771828	      0.02000000	      0.04460655	     -0.00587225
      0.50000000	      0.02000000	      0.07455083	      0.07569110	      0.39463193	      0.03771828	      0.02000000	      0.04471639	     -0.00592619
      0.50043928	      0.02000000	      0.07815636	      0.07771456	      0.40456750	      0.03286648	      0.02000000	      0.04477168	     -0.00591866
      0.50087857	      0.02000000	      0.07815636	      0.07771456	      0.40456750	      0.03286648	      0.02000000	      0.04482697	     -0.00591112
      0.50307499	      0.02000000	      0.07815636	      0.07771456	      0.40456750	      0.03286648	      0.02000000	      0.04510343	     -0.00587344
      0.50527141	      0.02000000	      0.07815636	      0.07771456	      0.40456750	      0.03286648	      0.02000000	      0.04537988	     -0.00583575
      0.50898249	      0.02000000	      0.07815636	      0.07771456	      0.40456750	      0.03286648	      0.02000000	      0.04584698	     -0.00577209
      0.51000000	      0.02000000	      0.07815636	      0.07771456	      0.40456750	      0.03286648	      0.02000000	      0.04597505	     -0.00575463
      0.51006437	      0.02000000	      0.08654277	      0.08380155	      0.40313341	      0.09459753	      0.02000000	      0.04598365	     -0.00575303
      0.51012874	      0.02000000	      0.08654277	      0.08380155	      0.40313341	      0.09459753	      0.02000000	      0.04599225	     -0.00575143
      0.51045059	      0.02000000	      0.08654277	      0.08380155	      0.40313341	      0.09459753	      0.02000000	      0.04603523	     -0.00574343
      0.51205985	      0.02000000	      0.08654277	      0.08380155	      0.40313341	      0.09459753	      0.02000000	      0.04625018	     -0.00570342
      0.51409934	      0.02000000	      0.08654277	      0.08380155	      0.40313341	      0.09459753	      0.02000000	      0.04652258	     -0.00565272
      0.51675860	      0.02000000	      0.08654277	      0.08380155	      0.40313341	      0.09459753	      0.02000000	      0.04687776	     -0.00558660
      0.52000000	      0.02000000	      0.08654277	      0.08380155	      0.40313341	      0.09459753	      0.02000000	      0.04731070	     -0.00550602
      0.52016084	      0.02000000	      0.09249089	      0.08943492	      0.41985282	      0.02600000	      0.02000000	      0.04733065	     -0.00552009
      0.52032167	      0.02000000	      0.09249089	      0.08943492	      0.41985282	      0.02600000	      0.02000000	      0.04735060	     -0.00553416
      0.52112585	      0.02000000	      0.09249089	      0.08943492	      0.41985282	      0.02600000	      0.02000000	      0.04745034	     -0.00560452
      0.52331203	      0.02000000	      0.09249089	      0.08943492	      0.41985282	      0.02600000	      0.02000000	      0.04772150	     -0.00579579
      0.52549822	      0.02000000	      0.09249089	      0.08943492	      0.41985282	      0.02600000	      0.02000000	      0.04799266	     -0.00598707
      0.52897405	      0.02000000	      0.09249089	      0.08943492	      0.41985282	      0.02600000	      0.02000000	      0.04842377	     -0.00629117
      0.53000000	      0.02000000	      0.09249089	      0.08943492	      0.41985282	      0.02600000	      0.02000000	      0.04855102	     -0.00638093
      0.53043499	      0.02000000	      0.09429439	      0.09418984	      0.42921881	      0.03000000	      0.02000000	      0.04861370	     -0.00639412
      0.53086998	      0.02000000	      0.09429439	      0.09418984	      0.42921881	      0.03000000	      0.02000000	      0.04867637	     -0.00640730
      0.53304494	      0.02000000	      0.09429439	      0.09418984	      0.42921881	      0.03000000	      0.02000000	      0.04898972	     -0.00647322
      0.53521990	      0.02000000	      0.09429439	      0.09418984	      0.42921881	      0.03000000	      0.02000000	      0.04930308	     -0.00653913
      0.53890718	      0.02000000	      0.09429439	      0.09418984	      0.42921881	      0.03000000	      0.02000000	      0.04983432	     -0.00665089
      0.54000000	      0.02000000	      0.09429439	      0.09418984	      0.42921881	      0.03000000	      0.02000000	      0.04999177	     -0.00668401
      0.54034429	      0.02000000	      0.09943007	      0.09757806	      0.43996279	      0.02600000	      0.02000000	      0.05003706	     -0.00670381
      0.54068858	      0.02000000	      0.09943007	      0.09757806	      0.43996279	      0.02600000	      0.02000000	      0.05008235	     -0.00672361
      0.54241003	      0.02000000	      0.09943007	      0.09757806	      0.43996279	      0.02600000	      0.02000000	      0.05030880	     -0.00682262
      0.54485027	      0.02000000	      0.09943007	      0.09757806	      0.43996279	      0.02600000	      0.02000000	      0.05062980	     -0.00696298
      0.54788524	      0.02000000	      0.09943007	      0.09757806	      0.43996279	      0.02600000	      0.02000000	      0.05102905	     -0.00713754
      0.55000000	      0.02000000	      0.09943007	      0.09757806	      0.43996279	      0.02600000	      0.02000000	      0.05130724	     -0.00725917
      0.55046986	      0.02000000	      0.10283530	      0.10144070	      0.44785000	      0.02400000	      0.02000000	      0.05137421	     -0.00727571
      0.55093971	      0.02000000	      0.10283530	      0.10144070	      0.44785000	      0.02400000	      0.02000000	      0.05144119	     -0.00729225
      0.55328899	      0.02000000	      0.10283530	      0.10144070	      0.44785000	      0.02400000	      0.02000000	      0.05177607	     -0.00737493
      0.55563827	      0.02000000	      0.10283530	      0.10144070	      0.44785000	      0.02400000	      0.02000000	      0.05211096	     -0.00745762
      0.55936972	      0.02000000	      0.10283530	      0.10144070	      0.44785000	      0.02400000	      0.02000000	      0.05264287	     -0.00758895
      0.56000000	      0.02000000	      0.10283530	      0.10144070	      0.44785000	      0.02400000	      0.02000000	      0.05273271	     -0.00761113
      0.56032871	      0.02000000	      0.10843277	      0.10616170	      0.45804070	      0.02600000	      0.02000000	      0.05278137	     -0.00761492
      0.56065741	      0.02000000	      0.10843277	      0.10616170	      0.45804070	      0.02600000	      0.02000000	      0.05283002	     -0.00761871
      0.56230094	      0.02000000	      0.10843277	      0.10616170	      0.45804070	      0.02600000	      0.02000000	      0.05307328	     -0.00763765
      0.56476945	      0.02000000	      0.10843277	      0.10616170	      0.45804070	      0.02600000	      0.02000000	      0.05343864	     -0.00766610
      0.56723796	      0.02000000	      0.10843277	      0.10616170	      0.45804070	      0.02600000	      0.02000000	      0.05380401	     -0.00769455
      0.57000000	      0.02000000	      0.10843277	      0.10616170	      0.45804070	      0.02600000	      0.02000000	      0.05421282	     -0.00772639
      0.57038103	      0.02000000	      0.11395618	      0.11047170	      0.46363654	      0.04448058	      0.02000000	      0.05426993	     -0.00773802
      0.57076206	      0.02000000	      0.11395618	      0.11047170	      0.46363654	      0.04448058	      0.02000000	      0.05432703	     -0.00774966
      0.57266720	      0.02000000	      0.11395618	      0.11047170	      0.46363654	      0.04448058	      0.02000000	      0.05461255	     -0.00780785
      0.57517155	      0.02000000	      0.11395618	      0.11047170	      0.46363654	      0.04448058	      0.02000000	      0.05498786	     -0.00788434
      0.57836036	      0.02000000	      0.11395618	      0.11047170	      0.46363654	      0.04448058	      0.02000000	      0.05546576	     -0.00798173
      0.58000000	      0.02000000	      0.11395618	      0.11047170	      0.46363654	      0.04448058	      0.02000000	      0.05571149	     -0.00803181
      0.58031200	      0.02000000	      0.11799638	      0.11778695	      0.47334970	      0.02400000	      0.02000000	      0.05575978	     -0.00804957
      0.58062401	      0.02000000	      0.11799638	      0.11778695	      0.47334970	      0.02400000	      0.02000000	      0.05580808	     -0.00806734
      0.58218402	      0.02000000	      0.11799638	      0.11778695	      0.47334970	      0.02400000	      0.02000000	      0.05604956	     -0.00815616
      0.58473911	      0.02000000	      0.11799638	      0.11778695	      0.47334970	      0.02400000	      0.02000000	      0.05644506	     -0.00830164
      0.58729419	      0.02000000	      0.11799638	      0.11778695	      0.47334970	      0.02400000	      0.02000000	      0.05684057	     -0.00844712
      0.59000000	      0.02000000	      0.11799638	      0.11778695	      0.47334970	      0.02400000	      0.02000000	      0.05725941	     -0.00860119
      0.59036521	      0.02000000	      0.12407091	      0.12217891	      0.48067855	      0.02400000	      0.02000000	      0.05731739	     -0.00861847
      0.59073043	      0.02000000	      0.12407091	      0.12217891	      0.48067855	      0.02400000	      0.02000000	      0.05737536	     -0.00863574
      0.59255650	      0.02000000	      0.12407091	      0.12217891	      0.48067855	      0.02400000	      0.02000000	      0.05766524	     -0.00872214
      0.59517923	      0.02000000	      0.12407091	      0.12217891	      0.48067855	      0.02400000	      0.02000000	      0.05808159	     -0.00884623
      0.59834155	      0.02000000	      0.12407091	      0.12217891	      0.48067855	      0.02400000	      0.02000000	      0.05858359	     -0.00899584
      0.60000000	      0.02000000	      0.12407091	      0.12217891	      0.48067855	      0.02400000	      0.02000000	      0.05884687	     -0.00907430
      0.60038609	      0.02000000	      0.12900112	      0.12707053	      0.48824421	      0.02200000	      0.02000000	      0.05891028	     -0.00909373
      0.60077218	      0.02000000	      0.12900112	      0.12707053	      0.48824421	      0.02200000	      0.02000000	      0.05897370	     -0.00911315
      0.60270262	      0.02000000	      0.12900112	      0.12707053	      0.48824421	      0.02200000	      0.02000000	      0.05929080	     -0.00921026
      0.60539027	      0.02000000	      0.12900112	      0.12707053	      0.48824421	      0.02200000	      0.02000000	      0.05973227	     -0.00934545
      0.60868462	      0.02000000	      0.12900112	      0.12707053	      0.48824421	      0.02200000	      0.02000000	      0.06027340	     -0.00951117
      0.61000000	      0.02000000	      0.12900112	      0.12707053	      0.48824421	      0.02200000	      0.02000000	      0.06048947	     -0.00957734
      0.61028072	      0.02000000	      0.13660517	      0.13526187	      0.49577072	      0.02600000	      0.02000000	      0.06053408	     -0.00959089
      0.61056144	      0.02000000	      0.13660517	      0.13526187	      0.49577072	      0.02600000	      0.02000000	      0.06057868	     -0.00960444
      0.61196504	      0.02000000	      0.13660517	      0.13526187	      0.49577072	      0.02600000	      0.02000000	      0.06080172	     -0.00967221
      0.61461765	      0.02000000	      0.13660517	      0.13526187	      0.49577072	      0.02600000	      0.02000000	      0.06122323	     -0.00980027
      0.61727026	      0.02000000	      0.13660517	      0.13526187	      0.49577072	      0.02600000	      0.02000000	      0.06164473	     -0.00992833
      0.62000000	      0.02000000	      0.13660517	      0.13526187	      0.49577072	      0.02600000	      0.02000000	      0.06207849	     -0.01006012
      0.62040437	      0.02000000	      0.14230701	      0.14015564	      0.50016571	      0.02200000	      0.02000000	      0.06214983	     -0.01008258
      0.62080874	      0.02000000	      0.14230701	      0.14015564	      0.50016571	      0.02200000	      0.02000000	      0.06222117	     -0.01010505
      0.62283059	      0.02000000	      0.14230701	      0.14015564	      0.50016571	      0.02200000	      0.02000000	      0.06257784	     -0.01021735
      0.62562603	      0.02000000	      0.14230701	      0.14015564	      0.50016571	      0.02200000	      0.02000000	      0.06307099	     -0.01037263
      0.62902230	      0.02000000	      0.14230701	      0.14015564	      0.50016571	      0.02200000	      0.02000000	      0.06367014	     -0.01056128
      0.63000000	      0.02000000	      0.14230701	      0.14015564	      0.50016571	      0.02200000	      0.02000000	      0.06384261	     -0.01061559
      0.63032621	      0.02000000	      0.14845753	      0.14755133	      0.50713553	      0.02200000	      0.02000000	      0.06389711	     -0.01063439
      0.63065242	      0.02000000	      0.14845753	      0.14755133	      0.50713553	      0.02200000	      0.02000000	      0.06395160	     -0.01065319
      0.63228346	      0.02000000	      0.14845753	      0.14755133	      0.50713553	      0.02200000	      0.02000000	      0.06422406	     -0.01074719
      0.63509133	      0.02000000	      0.14845753	      0.14755133	      0.50713553	      0.02200000	      0.02000000	      0.06469310	     -0.01090902
      0.63789920	      0.02000000	      0.14845753	      0.14755133	      0.50713553	      0.02200000	      0.02000000	      0.06516214	     -0.01107085
      0.64000000	      0.02000000	      0.14845753	      0.14755133	      0.50713553	      0.02200000	      0.02000000	      0.06551307	     -0.01119193
      0.64041657	      0.02000000	      0.15384866	      0.15292230	      0.51092672	      0.02200000	      0.02000000	      0.06558346	     -0.01121701
      0.64083314	      0.02000000	      0.15384866	      0.15292230	      0.51092672	      0.02200000	      0.02000000	      0.06565385	     -0.01124208
      0.64291600	      0.02000000	      0.15384866	      0.15292230	      0.51092672	      0.02200000	      0.02000000	      0.06600579	     -0.01136744
      0.64583103	      0.02000000	      0.15384866	      0.15292230	      0.51092672	      0.02200000	      0.02000000	      0.06649835	     -0.01154289
      0.64874606	      0.02000000	      0.15384866	      0.15292230	      0.51092672	      0.02200000	      0.02000000	      0.06699091	     -0.01171834
      0.65000000	      0.02000000	      0.15384866	      0.15292230	      0.51092672	      0.02200000	      0.02000000	      0.06720279	     -0.01179381
      0.65032401	      0.02000000	      0.16261485	      0.15913657	      0.51296951	      0.02200000	      0.02000000	      0.06725874	     -0.01181407
      0.65064802	      0.02000000	      0.16261485	      0.15913657	      0.51296951	      0.02200000	      0.02000000	      0.06731469	     -0.01183432
      0.65226805	      0.02000000	      0.16261485	      0.15913657	      0.51296951	      0.02200000	      0.02000000	      0.06759442	     -0.01193558
      0.65519840	      0.02000000	      0.16261485	      0.15913657	      0.51296951	      0.02200000	      0.02000000	      0.06810041	     -0.01211875
      0.65812874	      0.02000000	      0.16261485	      0.15913657	      0.51296951	      0.02200000	      0.02000000	      0.06860640	     -0.01230191
      0.66000000	      0.02000000	      0.16261485	      0.15913657	      0.51296951	      0.02200000	      0.02000000	      0.06892951	     -0.01241888
      0.66031709	      0.02000000	      0.16903678	      0.16816069	      0.51671457	      0.02200000	      0.02000000	      0.06898558	     -0.01243966
      0.66063417	      0.02000000	      0.16903678	      0.16816069	      0.51671457	      0.02200000	      0.02000000	      0.06904165	     -0.01246045
      0.66221961	      0.02000000	      0.16903678	      0.16816069	      0.51671457	      0.02200000	      0.02000000	      0.06932200	     -0.01256438
      0.66522216	      0.02000000	      0.16903678	      0.16816069	      0.51671457	      0.02200000	      0.02000000	      0.06985292	     -0.01276122
      0.66822470	      0.02000000	      0.16903678	      0.16816069	      0.51671457	      0.02200000	      0.02000000	      0.07038385	     -0.01295806
      0.67000000	      0.02000000	      0.16903678	      0.16816069	      0.51671457	      0.02200000	      0.02000000	      0.07069777	     -0.01307444
      0.67041129	      0.02000000	      0.17565868	      0.17320365	      0.51937543	      0.02200000	      0.02000000	      0.07076857	     -0.01310432
      0.67082257	      0.02000000	      0.17565868	      0.17320365	      0.51937543	      0.02200000	      0.02000000	      0.07083937	     -0.01313420
      0.67287900	      0.02000000	      0.17565868	      0.17320365	      0.51937543	      0.02200000	      0.02000000	      0.07119338	     -0.01328359
      0.67601996	      0.02000000	      0.17565868	      0.17320365	      0.51937543	      0.02200000	      0.02000000	      0.07173408	     -0.01351178
      0.67916091	      0.02000000	      0.17565868	      0.17320365	      0.51937543	      0.02200000	      0.02000000	      0.07227478	     -0.01373997
      0.68000000	      0.02000000	      0.17565868	      0.17320365	      0.51937543	      0.02200000	      0.02000000	      0.07241923	     -0.01380093
      0.68028335	      0.02000000	      0.18460993	      0.18303139	      0.52171293	      0.02200000	      0.02000000	      0.07247185	     -0.01382123
      0.68056670	      0.02000000	      0.18460993	      0.18303139	      0.52171293	      0.02200000	      0.02000000	      0.07252447	     -0.01384153
      0.68198344	      0.02000000	      0.18460993	      0.18303139	      0.52171293	      0.02200000	      0.02000000	      0.07278757	     -0.01394303
      0.68513225	      0.02000000	      0.18460993	      0.18303139	      0.52171293	      0.02200000	      0.02000000	      0.07337234	     -0.01416862
      0.68828106	      0.02000000	      0.18460993	      0.18303139	      0.52171293	      0.02200000	      0.02000000	      0.07395710	     -0.01439422
      0.69000000	      0.02000000	      0.18460993	      0.18303139	      0.52171293	      0.02200000	      0.02000000	      0.07427633	     -0.01451737
      0.69053667	      0.02000000	      0.18961280	      0.18788099	      0.52449741	      0.02200000	      0.02000000	      0.07436465	     -0.01454778
      0.69107335	      0.02000000	      0.18961280	      0.18788099	      0.52449741	      0.02200000	      0.02000000	      0.07445296	     -0.01457820
      0.69375672	      0.02000000	      0.18961280	      0.18788099	      0.52449741	      0.02200000	      0.02000000	      0.07489455	     -0.01473027
      0.69706279	      0.02000000	      0.18961280	      0.18788099	      0.52449741	      0.02200000	      0.02000000	      0.07543862	     -0.01491763
      0.70000000	      0.02000000	      0.18961280	      0.18788099	      0.52449741	      0.02200000	      0.02000000	      0.07592198	     -0.01508408
      0.70058400	      0.02000000	      0.19454446	      0.19122476	      0.52731956	      0.02200000	      0.02000000	      0.07598574	     -0.01510773
      0.70116801	      0.02000000	      0.19454446	      0.19122476	      0.52731956	      0.02200000	      0.02000000	      0.07604950	     -0.01513138
      0.70408802	      0.02000000	      0.19454446	      0.19122476	      0.52731956	      0.02200000	      0.02000000	      0.07636831	     -0.01524962
      0.70775734	      0.02000000	      0.19454446	      0.19122476	      0.52731956	      0.02200000	      0.02000000	      0.07676893	     -0.01539819
      0.71000000	      0.02000000	      0.19454446	      0.19122476	      0.52731956	      0.02200000	      0.02000000	      0.07701378	     -0.01548900
      0.71040567	      0.02000000	      0.20003116	      0.19836626	      0.52999935	      0.02200000	      0.02000000	      0.07705937	     -0.01551335
      0.71081135	      0.02000000	      0.20003116	      0.19836626	      0.52999935	      0.02200000	      0.02000000	      0.07710496	     -0.01553770
      0.71283972	      0.02000000	      0.20003116	      0.19836626	      0.52999935	      0.02200000	      0.02000000	      0.07733290	     -0.01565946
      0.71637204	      0.02000000	      0.20003116	      0.19836626	      0.52999935	      0.02200000	      0.02000000	      0.07772985	     -0.01587148
      0.71990437	      0.02000000	      0.20003116	      0.19836626	      0.52999935	      0.02200000	      0.02000000	      0.07812679	     -0.01608351
      0.72000000	      0.02000000	      0.20003116	      0.19836626	      0.52999935	      0.02200000	      0.02000000	      0.07813754	     -0.01608925
      0.72046186	      0.02000000	      0.20589622	      0.20353587	      0.53249631	      0.02200000	      0.02000000	      0.07819369	     -0.01609818
      0.72092373	      0.02000000	      0.20589622	      0.20353587	      0.53249631	      0.02200000	      0.02000000	      0.07824983	     -0.01610711
      0.72323305	      0.02000000	      0.20589622	      0.20353587	      0.53249631	      0.02200000	      0.02000000	      0.07853057	     -0.01615175
      0.72690313	      0.02000000	      0.20589622	      0.20353587	      0.53249631	      0.02200000	      0.02000000	      0.07897672	     -0.01622270
      0.73000000	      0.02000000	      0.20589622	      0.20353587	      0.53249631	      0.02200000	      0.02000000	      0.07935320	     -0.01628256
      0.73045935	      0.02000000	      0.21194522	      0.20952891	      0.53609874	      0.02200000	      0.02000000	      0.07940924	     -0.01630408
      0.73091870	      0.02000000	      0.21194522	      0.20952891	      0.53609874	      0.02200000	      0.02000000	      0.07946528	     -0.01632560
      0.73321544	      0.02000000	      0.21194522	      0.20952891	      0.53609874	      0.02200000	      0.02000000	      0.07974550	     -0.01643319
      0.73687314	      0.02000000	      0.21194522	      0.20952891	      0.53609874	      0.02200000	      0.02000000	      0.08019176	     -0.01660453
      0.74000000	      0.02000000	      0.21194522	      0.20952891	      0.53609874	      0.02200000	      0.02000000	      0.08057326	     -0.01675101
      0.74046956	      0.02000000	      0.21792025	      0.21570525	      0.53761467	      0.02000000	      0.02000000	      0.08063234	     -0.01677259
      0.74093913	      0.02000000	      0.21792025	      0.21570525	      0.53761467	      0.02000000	      0.02000000	      0.08069142	     -0.01679418
      0.74328694	      0.02000000	      0.21792025	      0.21570525	      0.53761467	      0.02000000	      0.02000000	      0.08098681	     -0.01690210
      0.74699153	      0.02000000	      0.21792025	      0.21570525	      0.53761467	      0.02000000	      0.02000000	      0.08145292	     -0.01707239
      0.75000000	      0.02000000	      0.21792025	      0.21570525	      0.53761467	      0.02000000	      0.02000000	      0.08183144	     -0.01721068
      0.75037722	      0.02000000	      0.22533083	      0.22202393	      0.54162129	      0.02200000	      0.02000000	      0.08187746	     -0.01722543
      0.75075444	      0.02000000	      0.22533083	      0.22202393	      0.54162129	      0.02200000	      0.02000000	      0.08192348	     -0.01724018
      0.75264053	      0.02000000	      0.22533083	      0.22202393	      0.54162129	      0.02200000	      0.02000000	      0.08215357	     -0.01731392
      0.75649533	      0.02000000	      0.22533083	      0.22202393	      0.54162129	      0.02200000	      0.02000000	      0.08262384	     -0.01746465
      0.76000000	      0.02000000	      0.22533083	      0.22202393	      0.54162129	      0.02200000	      0.02000000	      0.08305139	     -0.01760168
      0.76048202	      0.02000000	      0.23089588	      0.22843287	      0.54435164	      0.02200000	      0.02000000	      0.08311792	     -0.01763001
      0.76096404	      0.02000000	      0.23089588	      0.22843287	      0.54435164	      0.02200000	      0.02000000	      0.08318445	     -0.01765833
      0.76337415	      0.02000000	      0.23089588	      0.22843287	      0.54435164	      0.02200000	      0.02000000	      0.08351709	     -0.01779996
      0.76724261	      0.02000000	      0.23089588	      0.22843287	      0.54435164	      0.02200000	      0.02000000	      0.08405102	     -0.01802727
      0.77000000	      0.02000000	      0.23089588	      0.22843287	      0.54435164	      0.02200000	      0.02000000	      0.08443159	     -0.01818930
      0.77037523	      0.02000000	      0.23902939	      0.23488168	      0.54285281	      0.02200000	      0.02000000	      0.08448304	     -0.01822067
      0.77075045	      0.02000000	      0.23902939	      0.23488168	      0.54285281	      0.02200000	      0.02000000	      0.08453449	     -0.01825203
      0.77262659	      0.02000000	      0.23902939	      0.23488168	      0.54285281	      0.02200000	      0.02000000	      0.08479174	     -0.01840884
      0.77659027	      0.02000000	      0.23902939	      0.23488168	      0.54285281	      0.02200000	      0.02000000	      0.08533521	     -0.01874013
      0.78000000	      0.02000000	      0.23902939	      0.23488168	      0.54285281	      0.02200000	      0.02000000	      0.08580274	     -0.01902512
      0.78042169	      0.02000000	      0.24409002	      0.24125434	      0.54965547	      0.02200000	      0.02000000	      0.08585658	     -0.01904461
      0.78084338	      0.02000000	      0.24409002	      0.24125434	      0.54965547	      0.02200000	      0.02000000	      0.08591042	     -0.01906409
      0.78295183	      0.02000000	      0.24409002	      0.24125434	      0.54965547	      0.02200000	      0.02000000	      0.08617961	     -0.01916152
      0.78714039	      0.02000000	      0.24409002	      0.24125434	      0.54965547	      0.02200000	      0.02000000	      0.08671439	     -0.01935505
      0.79000000	      0.02000000	      0.24409002	      0.24125434	      0.54965547	      0.02200000	      0.02000000	      0.08707950	     -0.01948719
      0.79039054	      0.02000000	      0.25157067	      0.24748132	      0.54192193	      0.02200000	      0.02000000	      0.08712550	     -0.01950119
      0.79078108	      0.02000000	      0.25157067	      0.24748132	      0.54192193	      0.02200000	      0.02000000	      0.08717151	     -0.01951519
      0.79273379	      0.02000000	      0.25157067	      0.24748132	      0.54192193	      0.02200000	      0.02000000	      0.08740155	     -0.01958519
      0.79688791	      0.02000000	      0.25157067	      0.24748132	      0.54192193	      0.02200000	      0.02000000	      0.08789091	     -0.01973411
      0.80000000	      0.02000000	      0.25157067	      0.24748132	      0.54192193	      0.02200000	      0.02000000	      0.08825753	     -0.01984568
      0.80052843	      0.02000000	      0.25666115	      0.25347844	      0.54730849	      0.02000000	      0.02000000	      0.08831244	     -0.01986266
      0.80105685	      0.02000000	      0.25666115	      0.25347844	      0.54730849	      0.02000000	      0.02000000	      0.08836735	     -0.01987964
      0.80369899	      0.02000000	      0.25666115	      0.25347844	      0.54730849	      0.02000000	      0.02000000	      0.08864189	     -0.01996455
      0.80786136	      0.02000000	      0.25666115	      0.25347844	      0.54730849	      0.02000000	      0.02000000	      0.08907440	     -0.02009832
      0.81000000	      0.02000000	      0.25666115	      0.25347844	      0.54730849	      0.02000000	      0.02000000	      0.08929662	     -0.02016704
      0.81052868	      0.02000000	      0.26268636	      0.25906021	      0.54432518	      0.02000000	      0.02000000	      0.08934549	     -0.02019377
      0.81105736	      0.02000000	      0.26268636	      0.25906021	      0.54432518	      0.02000000	      0.02000000	      0.08939435	     -0.02022050
      0.81370077	      0.02000000	      0.26268636	      0.25906021	      0.54432518	      0.02000000	      0.02000000	      0.08963868	     -0.02035413
      0.81790261	      0.02000000	      0.26268636	      0.25906021	      0.54432518	      0.02000000	      0.02000000	      0.09002704	     -0.02056655
      0.82000000	      0.02000000	      0.26268636	      0.25906021	      0.54432518	      0.02000000	      0.02000000	      0.09022090	     -0.02067258
      0.82055290	      0.02000000	      0.26829272	      0.26436935	      0.53759981	      0.02000000	      0.02000000	      0.09026780	     -0.02068893
      0.82110580	      0.02000000	      0.26829272	      0.26436935	      0.53759981	      0.02000000	      0.02000000	      0.09031470	     -0.02070528
      0.82387029	      0.02000000	      0.26829272	      0.26436935	      0.53759981	      0.02000000	      0.02000000	      0.09054921	     -0.02078703
      0.82816191	      0.02000000	      0.26829272	      0.26436935	      0.53759981	      0.02000000	      0.02000000	      0.09091326	     -0.02091394
      0.83000000	      0.02000000	      0.26829272	      0.26436935	      0.53759981	      0.02000000	      0.02000000	      0.09106918	     -0.02096830
      0.83060133	      0.02000000	      0.27337490	      0.26935960	      0.53269025	      0.02000000	      0.02000000	      0.09111082	     -0.02100222
      0.83120265	      0.02000000	      0.27337490	      0.26935960	      0.53269025	      0.02000000	      0.02000000	      0.09115246	     -0.02103614
      0.83420928	      0.02000000	      0.27337490	      0.26935960	      0.53269025	      0.02000000	      0.02000000	      0.09136065	     -0.02120574
      0.83721590	      0.02000000	      0.27337490	      0.26935960	      0.53269025	      0.02000000	      0.02000000	      0.09156884	     -0.02137534
      0.84000000	      0.02000000	      0.27337490	      0.26935960	      0.53269025	      0.02000000	      0.02000000	      0.09176163	     -0.02153238
      0.84058346	      0.02000000	      0.27831091	      0.27370871	      0.52444038	      0.02000000	      0.02000000	      0.09178976	     -0.02155870
      0.84116692	      0.02000000	      0.27831091	      0.27370871	      0.52444038	      0.02000000	      0.02000000	      0.09181790	     -0.02158503
      0.84408422	      0.02000000	      0.27831091	      0.27370871	      0.52444038	      0.02000000	      0.02000000	      0.09195858	     -0.02171664
      0.84865580	      0.02000000	      0.27831091	      0.27370871	      0.52444038	      0.02000000	      0.02000000	      0.09217903	     -0.02192289
      0.85000000	      0.02000000	      0.27831091	      0.27370871	      0.52444038	      0.02000000	      0.02000000	      0.09224386	     -0.02198353
      0.85059390	      0.02000000	      0.28314655	      0.27901859	      0.51582022	      0.02000000	      0.02000000	      0.09226449	     -0.02201138
      0.85118779	      0.02000000	      0.28314655	      0.27901859	      0.51582022	      0.02000000	      0.02000000	      0.09228513	     -0.02203923
      0.85415728	      0.02000000	      0.28314655	      0.27901859	      0.51582022	      0.02000000	      0.02000000	      0.09238831	     -0.02217849
      0.85867799	      0.02000000	      0.28314655	      0.27901859	      0.51582022	      0.02000000	      0.02000000	      0.09254539	     -0.02239049
      0.86000000	      0.02000000	      0.28314655	      0.27901859	      0.51582022	      0.02000000	      0.02000000	      0.09259133	     -0.02245249
      0.86067382	      0.02000000	      0.28800957	      0.28239403	      0.50609727	      0.02000000	      0.02000000	      0.09261330	     -0.02248480
      0.86134765	      0.02000000	      0.28800957	      0.28239403	      0.50609727	      0.02000000	      0.02000000	      0.09263527	     -0.02251711
      0.86471676	      0.02000000	      0.28800957	      0.28239403	      0.50609727	      0.02000000	      0.02000000	      0.09274512	     -0.02267867
      0.86945572	      0.02000000	      0.28800957	      0.28239403	      0.50609727	      0.02000000	      0.02000000	      0.09289963	     -0.02290592
      0.87000000	      0.02000000	      0.28800957	      0.28239403	      0.50609727	      0.02000000	      0.02000000	      0.09291738	     -0.02293202
      0.87047152	      0.02000000	      0.29317600	      0.28921829	      0.49616017	      0.02000000	      0.02000000	      0.09292899	     -0.02294796
      0.87094304	      0.02000000	      0.29317600	      0.28921829	      0.49616017	      0.02000000	      0.02000000	      0.09294060	     -0.02296390
      0.87330064	      0.02000000	      0.29317600	      0.28921829	      0.49616017	      0.02000000	      0.02000000	      0.09299864	     -0.02304359
      0.87808075	      0.02000000	      0.29317600	      0.28921829	      0.49616017	      0.02000000	      0.02000000	      0.09311632	     -0.02320519
      0.88000000	      0.02000000	      0.29317600	      0.28921829	      0.49616017	      0.02000000	      0.02000000	      0.09316357	     -0.02327006
      0.88063455	      0.02000000	      0.29874887	      0.29302455	      0.48696188	      0.02000000	      0.02000000	      0.09317610	     -0.02330912
      0.88126910	      0.02000000	      0.29874887	      0.29302455	      0.48696188	      0.02000000	      0.02000000	      0.09318863	     -0.02334818
      0.88444185	      0.02000000	      0.29874887	      0.29302455	      0.48696188	      0.02000000	      0.02000000	      0.09325128	     -0.02354347
      0.88936579	      0.02000000	      0.29874887	      0.29302455	      0.48696188	      0.02000000	      0.02000000	      0.09334851	     -0.02384654
      0.89000000	      0.02000000	      0.29874887	      0.29302455	      0.48696188	      0.02000000	      0.02000000	      0.09336103	     -0.02388558
      0.89043312	      0.02000000	      0.30499938	      0.30055938	      0.47693413	      0.02000000	      0.02000000	      0.09337342	     -0.02390614
      0.89086623	      0.02000000	      0.30499938	      0.30055938	      0.47693413	      0.02000000	      0.02000000	      0.09338581	     -0.02392670
      0.89303181	      0.02000000	      0.30499938	      0.30055938	      0.47693413	      0.02000000	      0.02000000	      0.09344774	     -0.02402951
      0.89754158	      0.02000000	      0.30499938	      0.30055938	      0.47693413	      0.02000000	      0.02000000	      0.09357672	     -0.02424361
      0.90000000	      0.02000000	      0.30499938	      0.30055938	      0.47693413	      0.02000000	      0.02000000	      0.09364704	     -0.02436033
      0.90045759	      0.02000000	      0.31202388	      0.30674765	      0.47017492	      0.02000000	      0.02000000	      0.09366301	     -0.02438724
      0.90091519	      0.02000000	      0.31202388	      0.30674765	      0.47017492	      0.02000000	      0.02000000	      0.09367899	     -0.02441415
      0.90320315	      0.02000000	      0.31202388	      0.30674765	      0.47017492	      0.02000000	      0.02000000	      0.09375887	     -0.02454870
      0.90791079	      0.02000000	      0.31202388	      0.30674765	      0.47017492	      0.02000000	      0.02000000	      0.09392323	     -0.02482556
      0.91000000	      0.02000000	      0.31202388	      0.30674765	      0.47017492	      0.02000000	      0.02000000	      0.09399617	     -0.02494843
      0.91040504	      0.02000000	      0.31962033	      0.31477431	      0.46357950	      0.02000000	      0.02000000	      0.09402249	     -0.02497297
      0.91081008	      0.02000000	      0.31962033	      0.31477431	      0.46357950	      0.02000000	      0.02000000	      0.09404882	     -0.02499751
      0.91283527	      0.02000000	      0.31962033	      0.31477431	      0.46357950	      0.02000000	      0.02000000	      0.09418043	     -0.02512020
      0.91740403	      0.02000000	      0.31962033	      0.31477431	      0.46357950	      0.02000000	      0.02000000	      0.09447735	     -0.02539699
      0.92000000	      0.02000000	      0.31962033	      0.31477431	      0.46357950	      0.02000000	      0.02000000	      0.09464606	     -0.02555427
      0.92034817	      0.02000000	      0.33034517	      0.32296457	      0.46078800	      0.02000000	      0.02000000	      0.09467655	     -0.02557797
      0.92069634	      0.02000000	      0.33034517	      0.32296457	      0.46078800	      0.02000000	      0.02000000	      0.09470703	     -0.02560167
      0.92243719	      0.02000000	      0.33034517	      0.32296457	      0.46078800	      0.02000000	      0.02000000	      0.09485946	     -0.02572017
      0.92683826	      0.02000000	      0.33034517	      0.32296457	      0.46078800	      0.02000000	      0.02000000	      0.09524481	     -0.02601976
      0.93000000	      0.02000000	      0.33034517	      0.32296457	      0.46078800	      0.02000000	      0.02000000	      0.09552165	     -0.02623498
      0.93030779	      0.02000000	      0.33958651	      0.33567960	      0.46072276	      0.02000000	      0.02000000	      0.09555493	     -0.02625933
      0.93061558	      0.02000000	      0.33958651	      0.33567960	      0.46072276	      0.02000000	      0.02000000	      0.09558822	     -0.02628369
      0.93215451	      0.02000000	      0.33958651	      0.33567960	      0.46072276	      0.02000000	      0.02000000	      0.09575466	     -0.02640546
      0.93641600	      0.02000000	      0.33958651	      0.33567960	      0.46072276	      0.02000000	      0.02000000	      0.09621553	     -0.02674267
      0.94000000	      0.02000000	      0.33958651	      0.33567960	      0.46072276	      0.02000000	      0.02000000	      0.09660314	     -0.02702627
      0.94037833	      0.02000000	      0.35008880	      0.34246570	      0.46263114	      0.02000000	      0.02000000	      0.09665583	     -0.02705704
      0.94075666	      0.02000000	      0.35008880	      0.34246570	      0.46263114	      0.02000000	      0.02000000	      0.09670851	     -0.02708780
      0.94264830	      0.02000000	      0.35008880	      0.34246570	      0.46263114	      0.02000000	      0.02000000	      0.09697192	     -0.02724161
      0.94745935	      0.02000000	      0.35008880	      0.34246570	      0.46263114	      0.02000000	      0.02000000	      0.09764184	     -0.02763280
      0.95000000	      0.02000000	      0.35008880	      0.34246570	      0.46263114	      0.02000000	      0.02000000	      0.09799562	     -0.02783938
      0.95027797	      0.02000000	      0.36176826	      0.35667507	      0.46873215	      0.02000000	      0.02000000	      0.09804164	     -0.02786296
      0.95055595	      0.02000000	      0.36176826	      0.35667507	      0.46873215	      0.02000000	      0.02000000	      0.09808766	     -0.02788654
      0.95194581	      0.02000000	      0.36176826	      0.35667507	      0.46873215	      0.02000000	      0.02000000	      0.09831774	     -0.02800446
      0.95646900	      0.02000000	      0.36176826	      0.35667507	      0.46873215	      0.02000000	      0.02000000	      0.09906651	     -0.02838821
      0.96000000	      0.02000000	      0.36176826	      0.35667507	      0.46873215	      0.02000000	      0.02000000	      0.09965104	     -0.02868778
      0.96032450	      0.02000000	      0.37298076	      0.36704439	      0.47328609	      0.02000000	      0.02000000	      0.09971072	     -0.02871553
      0.96064901	      0.02000000	      0.37298076	      0.36704439	      0.47328609	      0.02000000	      0.02000000	      0.09977040	     -0.02874328
      0.96227153	      0.02000000	      0.37298076	      0.36704439	      0.47328609	      0.02000000	      0.02000000	      0.10006881	     -0.02888201
      0.96706357	      0.02000000	      0.37298076	      0.36704439	      0.47328609	      0.02000000	      0.02000000	      0.10095016	     -0.02929177
      0.97000000	      0.02000000	      0.37298076	      0.36704439	      0.47328609	      0.02000000	      0.02000000	      0.10149022	     -0.02954285
      0.97033086	      0.02000000	      0.38277116	      0.37648077	      0.48216436	      0.02000000	      0.02000000	      0.10155698	     -0.02956924
      0.97066171	      0.02000000	      0.38277116	      0.37648077	      0.48216436	      0.02000000	      0.02000000	      0.10162374	     -0.02959562
      0.97231600	      0.02000000	      0.38277116	      0.37648077	      0.48216436	      0.02000000	      0.02000000	      0.10195754	     -0.02972752
      0.97809384	      0.02000000	      0.38277116	      0.37648077	      0.48216436	      0.02000000	      0.02000000	      0.10312340	     -0.03018821
      0.98000000	      0.02000000	      0.38277116	      0.37648077	      0.48216436	      0.02000000	      0.02000000	      0.10350803	     -0.03034020
      0.98035284	      0.02000000	      0.39243735	      0.38639344	      0.48897146	      0.02000000	      0.02000000	      0.10358029	     -0.03035132
      0.98070568	      0.02000000	      0.39243735	      0.38639344	      0.48897146	      0.02000000	      0.02000000	      0.10365256	     -0.03036244
      0.98246989	      0.02000000	      0.39243735	      0.38639344	      0.48897146	      0.02000000	      0.02000000	      0.10401388	     -0.03041803
      0.98907959	      0.02000000	      0.39243735	      0.38639344	      0.48897146	      0.02000000	      0.02000000	      0.10536759	     -0.03062630
      0.99000000	      0.02000000	      0.39243735	      0.38639344	      0.48897146	      0.02000000	      0.02000000	      0.10555610	     -0.03065530
