umbergerTotal_m0; umbergerTotal_m1; umbergerTotal_m2; umbergerTotal_m3; umbergerTotal_m4; umbergerTotal_m5 
0.00485105541321; 0.00454838345329; 0.00454845651753; 0.00450655876694; 0.00445532467523; 0.00463897236336
0.00485087363239; 0.00454838138407; 0.00454845475849; 0.00450661313393; 0.00445530184338; 0.00463897165076
0.00485069121748; 0.00454837932592; 0.00454845300928; 0.00450666762245; 0.00445527914953; 0.00463897094241
0.00485050817035; 0.00454837727919; 0.00454845127018; 0.00450672223131; 0.00445525659365; 0.00463897023843
0.00485032449284; 0.0045483752442; 0.00454844954144; 0.00450677695931; 0.00445523417572; 0.00463896953891
0.00485014018677; 0.00454837322126; 0.00454844782331; 0.00450683180527; 0.00445521189573; 0.00463896884395
0.00484995525391; 0.00454837121064; 0.00454844611601; 0.00450688676805; 0.00445518975366; 0.00463896815366
0.00484976969603; 0.0045483692126; 0.00454844441974; 0.00450694184649; 0.00445516774953; 0.0046389674681
0.00484958351485; 0.00454836722739; 0.00454844273469; 0.00450699703946; 0.00445514588334; 0.00463896678737
0.0048493967121; 0.00454836525522; 0.00454844106103; 0.00450705234583; 0.00445512415511; 0.00463896611152
0.00484920928945; 0.00454836329631; 0.00454843939893; 0.00450710776449; 0.00445510256485; 0.00463896544063
0.00484902124857; 0.00454836135084; 0.00454843774851; 0.00450716329435; 0.0044550811126; 0.00463896477475
0.00484883259109; 0.00454835941898; 0.00454843610992; 0.00450721893431; 0.00445505979838; 0.00463896411393
0.00484864331863; 0.00454835750088; 0.00454843448327; 0.0045072746833; 0.00445503862223; 0.00463896345823
0.0048484534328; 0.00454835559667; 0.00454843286865; 0.00450733054024; 0.00445501758419; 0.00463896280768
0.00484826293517; 0.00454835370648; 0.00454843126615; 0.00450738650408; 0.00445499668431; 0.00463896216231
0.0048480718273; 0.0045483518304; 0.00454842967585; 0.00450744257377; 0.00445497592263; 0.00463896152216
0.00484788011074; 0.00454834996853; 0.0045484280978; 0.00450749874828; 0.0044549552992; 0.00463896088726
0.004847687787; 0.00454834812094; 0.00454842653206; 0.00450755502657; 0.00445493481408; 0.00463896025761
0.00484749485761; 0.00454834628769; 0.00454842497865; 0.00450761140761; 0.00445491446732; 0.00463895963323
0.00484730132404; 0.00454834446882; 0.00454842343762; 0.0045076678904; 0.00445489425899; 0.00463895901414
0.00484710718779; 0.00454834266437; 0.00454842190896; 0.00450772447394; 0.00445487418914; 0.00463895840034
0.00484691245032; 0.00454834087435; 0.00454842039269; 0.00450778115721; 0.00445485425784; 0.00463895779183
0.00484671711308; 0.00454833909877; 0.0045484188888; 0.00450783793924; 0.00445483446514; 0.00463895718861
0.00484652117752; 0.00454833733764; 0.00454841739728; 0.00450789481904; 0.00445481481111; 0.00463895659066
0.00484632464508; 0.00454833559092; 0.0045484159181; 0.00450795179562; 0.00445479529581; 0.00463895599799
0.00484612751716; 0.00454833385861; 0.00454841445122; 0.00450800886803; 0.0044547759193; 0.00463895541057
0.00484592979519; 0.00454833214065; 0.00454841299661; 0.00450806603528; 0.00445475668164; 0.00463895482838
0.00484573148057; 0.00454833043701; 0.00454841155421; 0.00450812329643; 0.0044547375829; 0.00463895425141
0.00484553257471; 0.00454832874763; 0.00454841012398; 0.00450818065052; 0.00445471862312; 0.00463895367963
0.00484533307899; 0.00454832707245; 0.00454840870584; 0.0045082380966; 0.00445469980238; 0.00463895311301
0.00484513299481; 0.00454832541139; 0.00454840729973; 0.00450829563371; 0.00445468112071; 0.00463895255152
0.00484493232354; 0.00454832376437; 0.00454840590557; 0.00450835326093; 0.00445466257818; 0.00463895199514
0.00484473106658; 0.00454832213131; 0.00454840452327; 0.00450841097731; 0.00445464417483; 0.00463895144382
0.00484452922529; 0.00454832051212; 0.00454840315276; 0.00450846878192; 0.00445462591071; 0.00463895089753
0.00484432680105; 0.00454831890669; 0.00454840179393; 0.00450852667382; 0.00445460778584; 0.00463895035623
0.00484412379523; 0.00454831731491; 0.00454840044669; 0.0045085846521; 0.00445458980029; 0.00463894981987
0.00484392020923; 0.00454831573668; 0.00454839911094; 0.00450864271582; 0.00445457195407; 0.00463894928843
0.0048437160444; 0.00454831417189; 0.00454839778658; 0.00450870086406; 0.00445455424721; 0.00463894876184
0.00484351130213; 0.0045483126204; 0.00454839647349; 0.0045087590959; 0.00445453667973; 0.00463894824007
0.00484330598379; 0.0045483110821; 0.00454839517157; 0.00450881741042; 0.00445451925165; 0.00463894772306
0.00484310009078; 0.00454830955685; 0.00454839388069; 0.0045088758067; 0.00445450196299; 0.00463894721078
0.00484289362448; 0.00454830804454; 0.00454839260075; 0.00450893428384; 0.00445448481375; 0.00463894670316
0.00484268658627; 0.00454830654501; 0.00454839133163; 0.0045089928409; 0.00445446780391; 0.00463894620017
0.00484247897757; 0.00454830505814; 0.0045483900732; 0.00450905147699; 0.00445445093349; 0.00463894570175
0.00484227079977; 0.00454830358379; 0.00454838882535; 0.00450911019118; 0.00445443420245; 0.00463894520785
0.00484206205429; 0.00454830212183; 0.00454838758795; 0.00450916898256; 0.00445441761079; 0.00463894471841
0.00484185274254; 0.00454830067209; 0.00454838636088; 0.00450922785022; 0.00445440115846; 0.00463894423339
0.00484164286595; 0.00454829923446; 0.00454838514402; 0.00450928679324; 0.00445438484542; 0.00463894375273
0.00484143242596; 0.00454829780879; 0.00454838393724; 0.00450934581072; 0.00445436867164; 0.00463894327639
0.00484122142402; 0.00454829639493; 0.00454838274043; 0.00450940490174; 0.00445435263706; 0.00463894280431
0.00484100986159; 0.00454829499274; 0.00454838155346; 0.00450946406537; 0.00445433674161; 0.00463894233643
0.00484079774013; 0.00454829360209; 0.00454838037621; 0.00450952330071; 0.00445432098522; 0.00463894187272
0.00484058506112; 0.00454829222283; 0.00454837920856; 0.00450958260685; 0.00445430536781; 0.00463894141311
0.00484037182606; 0.00454829085483; 0.0045483780504; 0.00450964198285; 0.00445428988929; 0.00463894095757
0.00484015803645; 0.00454828949796; 0.0045483769016; 0.0045097014278; 0.00445427454955; 0.00463894050603
0.00483994369383; 0.00454828815207; 0.00454837576206; 0.00450976094078; 0.00445425934849; 0.00463894005845
0.00483972879971; 0.00454828681704; 0.00454837463167; 0.00450982052087; 0.00445424428598; 0.00463893961478
0.00483951335565; 0.00454828549274; 0.00454837351031; 0.00450988016714; 0.0044542293619; 0.00463893917499
0.00483929736322; 0.00454828417905; 0.00454837239787; 0.00450993987866; 0.00445421457609; 0.00463893873901
0.004839080824; 0.00454828287583; 0.00454837129427; 0.0045099996545; 0.00445419992842; 0.00463893830682
0.00483886373959; 0.00454828158299; 0.00454837019939; 0.00451005949374; 0.00445418541872; 0.00463893787836
0.0048386461116; 0.00454828030039; 0.00454836911315; 0.00451011939542; 0.00445417104681; 0.00463893745359
0.00483842794167; 0.00454827902793; 0.00454836803545; 0.00451017935863; 0.00445415681251; 0.00463893703248
0.00483820923145; 0.00454827776551; 0.0045483669662; 0.00451023938241; 0.00445414271562; 0.00463893661499
0.00483798998261; 0.00454827651303; 0.00454836590532; 0.00451029946582; 0.00445412875593; 0.00463893620108
0.00483777019684; 0.00454827527038; 0.00454836485273; 0.00451035960792; 0.00445411493323; 0.00463893579072
0.00483754987585; 0.00454827403748; 0.00454836380835; 0.00451041980775; 0.00445410124728; 0.00463893538388
0.00483732902137; 0.00454827281424; 0.00454836277213; 0.00451048006437; 0.00445408769784; 0.00463893498052
0.00483710763516; 0.00454827160058; 0.00454836174398; 0.00451054037681; 0.00445407428466; 0.00463893458061
0.00483688571899; 0.00454827039644; 0.00454836072387; 0.00451060074412; 0.00445406100746; 0.00463893418414
0.00483666327464; 0.00454826920173; 0.00454835971172; 0.00451066116532; 0.00445404786596; 0.00463893379107
0.00483644030394; 0.00454826801641; 0.00454835870749; 0.00451072163947; 0.00445403485988; 0.00463893340139
0.00483621680873; 0.00454826684041; 0.00454835771114; 0.00451078216557; 0.00445402198891; 0.00463893301508
0.00483599279086; 0.00454826567369; 0.00454835672264; 0.00451084274267; 0.00445400925273; 0.00463893263211
0.00483576825222; 0.00454826451621; 0.00454835574195; 0.00451090336977; 0.00445399665102; 0.00463893225247
0.00483554319473; 0.00454826336792; 0.00454835476905; 0.0045109640459; 0.00445398418342; 0.00463893187616
0.00483531762031; 0.00454826222882; 0.00454835380392; 0.00451102477006; 0.00445397184958; 0.00463893150316
0.00483509153091; 0.00454826109887; 0.00454835284654; 0.00451108554128; 0.00445395964914; 0.00463893113346
0.00483486492853; 0.00454825997806; 0.00454835189693; 0.00451114635854; 0.00445394758171; 0.00463893076706
0.00483463781517; 0.0045482588664; 0.00454835095506; 0.00451120722086; 0.00445393564689; 0.00463893040396
0.00483441019286; 0.00454825776388; 0.00454835002097; 0.00451126812723; 0.00445392384429; 0.00463893004416
0.00483418206366; 0.00454825667051; 0.00454834909466; 0.00451132907663; 0.00445391217346; 0.00463892968766
0.00483395342966; 0.00454825558632; 0.00454834817614; 0.00451139006807; 0.00445390063399; 0.00463892933447
0.00483372429296; 0.00454825451133; 0.00454834726547; 0.00451145110052; 0.00445388922543; 0.0046389289846
0.0048334946557; 0.00454825344558; 0.00454834636266; 0.00451151217296; 0.0044538779473; 0.00463892863806
0.00483326452005; 0.00454825238911; 0.00454834546777; 0.00451157328436; 0.00445386679914; 0.00463892829487
0.0048330338882; 0.00454825134198; 0.00454834458085; 0.0045116344337; 0.00445385578046; 0.00463892795504
0.00483280276237; 0.00454825030426; 0.00454834370196; 0.00451169561994; 0.00445384489075; 0.0046389276186
0.0048325711448; 0.004548249276; 0.00454834283116; 0.00451175684205; 0.0044538341295; 0.00463892728558
0.00483233903778; 0.00454824825729; 0.00454834196853; 0.00451181809897; 0.00445382349618; 0.00463892695599
0.00483210644361; 0.00454824724823; 0.00454834111416; 0.00451187938966; 0.00445381299024; 0.00463892662987
0.00483187336461; 0.0045482462489; 0.00454834026813; 0.00451194071307; 0.00445380261113; 0.00463892630725
0.00483163980315; 0.00454824525942; 0.00454833943055; 0.00451200206814; 0.00445379235828; 0.00463892598818
0.00483140576163; 0.00454824427991; 0.00454833860151; 0.00451206345382; 0.0044537822311; 0.00463892567269
0.00483117124246; 0.00454824331048; 0.00454833778115; 0.00451212486902; 0.004453772229; 0.00463892536082
0.00483093624808; 0.00454824235128; 0.00454833696957; 0.00451218631269; 0.00445376235136; 0.00463892505262
0.00483070078099; 0.00454824140245; 0.00454833616691; 0.00451224778375; 0.00445375259756; 0.00463892474815
0.0048304648437; 0.00454824046415; 0.00454833537332; 0.00451230928112; 0.00445374296696; 0.00463892444745
0.00483022843873; 0.00454823953654; 0.00454833458893; 0.00451237080372; 0.0044537334589; 0.00463892415058
0.00482999156866; 0.0045482386198; 0.00454833381391; 0.00451243235045; 0.00445372407272; 0.0046389238576
0.00482975423609; 0.0045482377141; 0.00454833304842; 0.00451249392023; 0.00445371480774; 0.00463892356858
0.00482951644366; 0.00454823681965; 0.00454833229264; 0.00451255551195; 0.00445370566326; 0.00463892328359
0.00482927819402; 0.00454823593665; 0.00454833154674; 0.00451261712452; 0.00445369663858; 0.00463892300268
0.00482903948988; 0.00454823506531; 0.00454833081092; 0.00451267875683; 0.00445368773297; 0.00463892272594
0.00482880033395; 0.00454823420586; 0.00454833008538; 0.00451274040777; 0.0044536789457; 0.00463892245344
0.004828560729; 0.00454823335853; 0.00454832937032; 0.00451280207622; 0.00445367027602; 0.00463892218526
0.0048283206778; 0.00454823252357; 0.00454832866597; 0.00451286376107; 0.00445366172316; 0.00463892192149
0.00482808018319; 0.00454823170122; 0.00454832797254; 0.00451292546119; 0.00445365328636; 0.00463892166222
0.00482783924801; 0.00454823089177; 0.00454832729027; 0.00451298717545; 0.00445364496481; 0.00463892140753
0.00482759787515; 0.00454823009547; 0.00454832661941; 0.00451304890273; 0.00445363675773; 0.00463892115752
0.00482735606753; 0.00454822931262; 0.00454832596021; 0.00451311064188; 0.00445362866427; 0.00463892091229
0.00482711382809; 0.0045482285435; 0.00454832531292; 0.00451317239177; 0.00445362068363; 0.00463892067193
0.00482687115982; 0.00454822778844; 0.00454832467782; 0.00451323415125; 0.00445361281496; 0.00463892043656
0.00482662806573; 0.00454822704774; 0.00454832405519; 0.00451329591917; 0.00445360505739; 0.00463892020628
0.00482638454887; 0.00454822632173; 0.0045483234453; 0.00451335769439; 0.00445359741006; 0.0046389199812
0.00482614061232; 0.00454822561074; 0.00454832284846; 0.00451341947574; 0.00445358987208; 0.00463891976144
0.00482589625919; 0.00454822491513; 0.00454832226498; 0.00451348126207; 0.00445358244256; 0.00463891954711
0.00482565149263; 0.00454822423525; 0.00454832169516; 0.00451354305221; 0.00445357512057; 0.00463891933835
0.00482540631581; 0.00454822357147; 0.00454832113933; 0.00451360484499; 0.00445356790521; 0.00463891913526
0.00482516073196; 0.00454822292416; 0.00454832059782; 0.00451366663925; 0.00445356079553; 0.00463891893799
0.00482491474431; 0.00454822229372; 0.00454832007097; 0.0045137284338; 0.00445355379059; 0.00463891874667
0.00482466835615; 0.00454822168055; 0.00454831955913; 0.00451379022748; 0.00445354688941; 0.00463891856142
0.00482442157079; 0.00454822108505; 0.00454831906266; 0.00451385201908; 0.00445354009103; 0.00463891838239
0.00482417439157; 0.00454822050764; 0.00454831858192; 0.00451391380744; 0.00445353339445; 0.00463891820973
0.00482392682188; 0.00454821994875; 0.00454831811729; 0.00451397559137; 0.00445352679867; 0.00463891804358
0.00482367886513; 0.00454821940883; 0.00454831766915; 0.00451403736966; 0.00445352030268; 0.00463891788409
0.00482343052477; 0.00454821888832; 0.0045483172379; 0.00451409914112; 0.00445351390544; 0.00463891773141
0.00482318180427; 0.00454821838769; 0.00454831682394; 0.00451416090455; 0.00445350760593; 0.0046389175857
0.00482293270716; 0.0045482179074; 0.00454831642767; 0.00451422265876; 0.00445350140308; 0.00463891744712
0.00482268323698; 0.00454821744794; 0.00454831604953; 0.00451428440253; 0.00445349529583; 0.00463891731583
0.00482243339731; 0.0045482170098; 0.00454831568993; 0.00451434613466; 0.00445348928311; 0.004638917192
0.00482218319178; 0.00454821659347; 0.00454831534932; 0.00451440785394; 0.00445348336381; 0.0046389170758
0.00482193262403; 0.00454821619948; 0.00454831502813; 0.00451446955915; 0.00445347753685; 0.00463891696741
0.00482168169775; 0.00454821582834; 0.00454831472683; 0.00451453124907; 0.00445347180111; 0.00463891686699
0.00482143041665; 0.00454821548059; 0.00454831444587; 0.00451459292249; 0.00445346615545; 0.00463891677474
0.00482117878449; 0.00454821515676; 0.00454831418572; 0.00451465457818; 0.00445346059874; 0.00463891669083
0.00482092680505; 0.00454821485741; 0.00454831394687; 0.00451471621492; 0.00445345512983; 0.00463891661545
0.00482067448216; 0.0045482145831; 0.0045483137298; 0.00451477783147; 0.00445344974756; 0.00463891654879
0.00482042181966; 0.0045482143344; 0.00454831353502; 0.00451483942663; 0.00445344445075; 0.00463891649106
0.00482016882145; 0.00454821411189; 0.00454831336301; 0.00451490099913; 0.00445343923822; 0.00463891644242
0.00481991549144; 0.00454821391616; 0.00454831321429; 0.00451496254777; 0.00445343410877; 0.00463891640311
0.00481966183358; 0.00454821374781; 0.0045483130894; 0.00451502407129; 0.00445342906118; 0.0046389163733
0.00481940785188; 0.00454821360746; 0.00454831298884; 0.00451508556847; 0.00445342409425; 0.00463891635322
0.00481915355034; 0.00454821349571; 0.00454831291317; 0.00451514703805; 0.00445341920674; 0.00463891634307
0.00481889893302; 0.00454821341321; 0.00454831286292; 0.0045152084788; 0.0044534143974; 0.00463891634306
0.00481864400401; 0.00454821336058; 0.00454831283865; 0.00451526988948; 0.00445340966499; 0.00463891635341
0.00481838876744; 0.00454821333847; 0.00454831284092; 0.00451533126885; 0.00445340500823; 0.00463891637434
0.00481813322744; 0.00454821334755; 0.00454831287029; 0.00451539261564; 0.00445340042586; 0.00463891640606
0.00481787738821; 0.00454821338847; 0.00454831292734; 0.00451545392862; 0.00445339591658; 0.00463891644881
0.00481762125398; 0.0045482134619; 0.00454831301266; 0.00451551520654; 0.00445339147911; 0.00463891650281
0.00481736482899; 0.00454821356854; 0.00454831312684; 0.00451557644815; 0.00445338711213; 0.00463891656829
0.00481710811751; 0.00454821370907; 0.00454831327046; 0.00451563765219; 0.00445338281432; 0.00463891664549
0.00481685112389; 0.0045482138842; 0.00454831344415; 0.00451569881742; 0.00445337858437; 0.00463891673463
0.00481659385245; 0.00454821409462; 0.0045483136485; 0.00451575994258; 0.00445337442094; 0.00463891683597
0.00481633630758; 0.00454821434106; 0.00454831388415; 0.00451582102643; 0.00445337032267; 0.00463891694974
0.00481607849369; 0.00454821462424; 0.0045483141517; 0.00451588206769; 0.00445336628821; 0.00463891707618
0.00481582041523; 0.0045482149449; 0.00454831445181; 0.00451594306512; 0.0044533623162; 0.00463891721555
0.00481556207667; 0.00454821530377; 0.0045483147851; 0.00451600401748; 0.00445335840525; 0.00463891736809
0.00481530348251; 0.00454821570161; 0.00454831515223; 0.00451606492349; 0.004453354554; 0.00463891753406
0.00481504463729; 0.00454821613917; 0.00454831555385; 0.00451612578191; 0.00445335076103; 0.0046389177137
0.00481478554558; 0.00454821661721; 0.00454831599061; 0.00451618659148; 0.00445334702496; 0.00463891790729
0.00481452621198; 0.0045482171365; 0.00454831646317; 0.00451624735095; 0.00445334334436; 0.00463891811507
0.00481426664111; 0.00454821769783; 0.00454831697223; 0.00451630805906; 0.00445333971782; 0.00463891833732
0.00481400683762; 0.00454821830197; 0.00454831751843; 0.00451636871457; 0.00445333614391; 0.00463891857429
0.0048137468062; 0.00454821894973; 0.00454831810248; 0.00451642931621; 0.00445333262119; 0.00463891882625
0.00481348655157; 0.00454821964189; 0.00454831872505; 0.00451648986274; 0.00445332914823; 0.00463891909347
0.00481322607848; 0.00454822037927; 0.00454831938685; 0.0045165503529; 0.00445332572356; 0.00463891937623
0.00481296539168; 0.00454822116267; 0.00454832008856; 0.00451661078545; 0.00445332234573; 0.00463891967479
0.00481270449599; 0.00454822199291; 0.0045483208309; 0.00451667115913; 0.00445331901327; 0.00463891998944
0.00481244339623; 0.00454822287082; 0.00454832161458; 0.00451673147271; 0.0044533157247; 0.00463892032045
0.00481218209725; 0.00454822379722; 0.0045483224403; 0.00451679172493; 0.00445331247855; 0.00463892066809
0.00481192060393; 0.00454822477296; 0.00454832330878; 0.00451685191455; 0.00445330927332; 0.00463892103266
0.00481165892119; 0.00454822579886; 0.00454832422075; 0.00451691204032; 0.00445330610752; 0.00463892141443
0.00481139705396; 0.00454822687577; 0.00454832517693; 0.00451697210102; 0.00445330297964; 0.00463892181369
0.00481113500719; 0.00454822800456; 0.00454832617805; 0.0045170320954; 0.00445329988819; 0.00463892223073
0.00481087278588; 0.00454822918606; 0.00454832722486; 0.00451709202222; 0.00445329683163; 0.00463892266583
0.00481061039502; 0.00454823042114; 0.00454832831808; 0.00451715188025; 0.00445329380846; 0.00463892311929
0.00481034783967; 0.00454823171066; 0.00454832945845; 0.00451721166826; 0.00445329081714; 0.00463892359139
0.00481008512486; 0.00454823305549; 0.00454833064674; 0.00451727138503; 0.00445328785615; 0.00463892408244
0.00480982225569; 0.00454823445651; 0.00454833188366; 0.00451733102932; 0.00445328492394; 0.00463892459272
0.00480955923727; 0.00454823591458; 0.00454833317; 0.00451739059992; 0.00445328201897; 0.00463892512253
0.00480929607471; 0.00454823743058; 0.00454833450649; 0.00451745009561; 0.00445327913971; 0.00463892567217
0.00480903277316; 0.0045482390054; 0.00454833589389; 0.00451750951518; 0.00445327628459; 0.00463892624194
0.00480876933781; 0.00454824063992; 0.00454833733296; 0.0045175688574; 0.00445327345205; 0.00463892683213
0.00480850577383; 0.00454824233503; 0.00454833882446; 0.00451762812108; 0.00445327064054; 0.00463892744305
0.00480824208644; 0.00454824409161; 0.00454834036915; 0.00451768730501; 0.0044532678485; 0.004638928075
0.00480797828088; 0.00454824591057; 0.0045483419678; 0.00451774640799; 0.00445326507435; 0.00463892872827
0.0048077143624; 0.00454824779278; 0.00454834362116; 0.00451780542883; 0.00445326231652; 0.00463892940318
0.00480745033626; 0.00454824973915; 0.00454834533002; 0.00451786436633; 0.00445325957344; 0.00463893010002
0.00480718620775; 0.00454825175058; 0.00454834709512; 0.00451792321931; 0.00445325684353; 0.00463893081911
0.00480692198219; 0.00454825382796; 0.00454834891726; 0.00451798198658; 0.00445325412521; 0.00463893156074
0.00480665766489; 0.00454825597218; 0.00454835079718; 0.00451804066697; 0.00445325141688; 0.00463893232523
0.0048063932612; 0.00454825818415; 0.00454835273566; 0.00451809925932; 0.00445324871698; 0.00463893311287
0.00480612877647; 0.00454826046477; 0.00454835473347; 0.00451815776244; 0.0044532460239; 0.00463893392397
0.00480586421608; 0.00454826281493; 0.00454835679138; 0.00451821617518; 0.00445324333607; 0.00463893475885
0.00480559958541; 0.00454826523554; 0.00454835891015; 0.00451827449639; 0.00445324065187; 0.00463893561781
0.00480533488986; 0.00454826772749; 0.00454836109055; 0.0045183327249; 0.00445323796973; 0.00463893650115
0.00480507013486; 0.00454827029169; 0.00454836333335; 0.00451839085959; 0.00445323528804; 0.00463893740919
0.00480480532583; 0.00454827292902; 0.00454836563932; 0.00451844889931; 0.00445323260521; 0.00463893834222
0.0048045404682; 0.00454827564039; 0.00454836800921; 0.00451850684293; 0.00445322991965; 0.00463893930056
0.00480427556744; 0.00454827842669; 0.0045483704438; 0.00451856468932; 0.00445322722975; 0.00463894028452
0.00480401062901; 0.00454828128881; 0.00454837294384; 0.00451862243737; 0.00445322453391; 0.00463894129439
0.00480374565838; 0.00454828422764; 0.00454837551009; 0.00451868008595; 0.00445322183055; 0.0046389423305
0.00480348066104; 0.00454828724407; 0.00454837814331; 0.00451873763397; 0.00445321911805; 0.00463894339313
0.00480321564249; 0.00454829033898; 0.00454838084425; 0.00451879508032; 0.00445321639482; 0.00463894448261
0.00480295060823; 0.00454829351327; 0.00454838361367; 0.00451885242392; 0.00445321365927; 0.00463894559923
0.00480268556378; 0.0045482967678; 0.00454838645231; 0.00451890966368; 0.0044532109098; 0.0046389467433
0.00480242051465; 0.00454830010345; 0.00454838936091; 0.00451896679851; 0.00445320814481; 0.00463894791512
0.00480215546637; 0.00454830352111; 0.00454839234023; 0.00451902382736; 0.0044532053627; 0.004638949115
0.00480189042448; 0.00454830702162; 0.00454839539099; 0.00451908074915; 0.00445320256189; 0.00463895034324
0.00480162539452; 0.00454831060587; 0.00454839851394; 0.00451913756284; 0.00445319974078; 0.00463895160014
0.00480136038203; 0.00454831427471; 0.00454840170981; 0.00451919426737; 0.00445319689778; 0.004638952886
0.00480109539257; 0.00454831802899; 0.00454840497931; 0.0045192508617; 0.0044531940313; 0.00463895420112
0.00480083043169; 0.00454832186957; 0.00454840832318; 0.00451930734481; 0.00445319113976; 0.0046389555458
0.00480056550496; 0.0045483257973; 0.00454841174213; 0.00451936371567; 0.00445318822158; 0.00463895692034
0.00480030061793; 0.00454832981301; 0.00454841523687; 0.00451941997327; 0.00445318527517; 0.00463895832503
0.00480003577617; 0.00454833391754; 0.00454841880812; 0.0045194761166; 0.00445318229895; 0.00463895976017
0.00479977098526; 0.00454833811171; 0.00454842245657; 0.00451953214466; 0.00445317929135; 0.00463896122606
0.00479950625075; 0.00454834239637; 0.00454842618292; 0.00451958805646; 0.00445317625079; 0.00463896272298
0.00479924157822; 0.0045483467723; 0.00454842998787; 0.00451964385102; 0.00445317317571; 0.00463896425123
0.00479897697324; 0.00454835124034; 0.00454843387209; 0.00451969952738; 0.00445317006455; 0.00463896581109
0.00479871244138; 0.00454835580129; 0.00454843783628; 0.00451975508457; 0.00445316691573; 0.00463896740286
0.00479844798822; 0.00454836045593; 0.0045484418811; 0.00451981052163; 0.0044531637277; 0.00463896902683
0.00479818361931; 0.00454836520507; 0.00454844600723; 0.00451986583762; 0.0044531604989; 0.00463897068327
0.00479791934024; 0.00454837004949; 0.00454845021531; 0.0045199210316; 0.0044531572278; 0.00463897237248
0.00479765515656; 0.00454837498995; 0.00454845450602; 0.00451997610266; 0.00445315391283; 0.00463897409473
0.00479739107385; 0.00454838002724; 0.00454845887999; 0.00452003104986; 0.00445315055246; 0.00463897585031
0.00479712709765; 0.00454838516211; 0.00454846333786; 0.00452008587231; 0.00445314714515; 0.00463897763949
0.00479686323354; 0.00454839039531; 0.00454846788028; 0.00452014056911; 0.00445314368936; 0.00463897946256
0.00479659948706; 0.00454839572758; 0.00454847250787; 0.00452019513937; 0.00445314018358; 0.00463898131978
0.00479633586377; 0.00454840115968; 0.00454847722125; 0.0045202495822; 0.00445313662627; 0.00463898321143
0.0047960723692; 0.00454840669231; 0.00454848202103; 0.00452030389675; 0.00445313301592; 0.00463898513778
0.00479580900891; 0.00454841232621; 0.00454848690781; 0.00452035808215; 0.00445312935101; 0.00463898709911
0.00479554578842; 0.00454841806208; 0.00454849188219; 0.00452041213755; 0.00445312563004; 0.00463898909567
0.00479528271327; 0.00454842390063; 0.00454849694477; 0.00452046606211; 0.00445312185151; 0.00463899112775
0.00479501978897; 0.00454842984254; 0.00454850209612; 0.004520519855; 0.00445311801391; 0.00463899319559
0.00479475702105; 0.0045484358885; 0.00454850733681; 0.00452057351541; 0.00445311411577; 0.00463899529946
0.00479449441502; 0.00454844203919; 0.00454851266742; 0.00452062704252; 0.00445311015558; 0.00463899743963
0.00479423197638; 0.00454844829528; 0.0045485180885; 0.00452068043553; 0.00445310613188; 0.00463899961635
0.00479396971062; 0.00454845465741; 0.00454852360059; 0.00452073369365; 0.00445310204317; 0.00463900182987
0.00479370762323; 0.00454846112624; 0.00454852920424; 0.0045207868161; 0.00445309788802; 0.00463900408046
0.0047934457197; 0.00454846770239; 0.00454853489998; 0.00452083980212; 0.00445309366493; 0.00463900636836
0.00479318400549; 0.00454847438651; 0.00454854068833; 0.00452089265093; 0.00445308937247; 0.00463900869382
0.00479292248607; 0.0045484811792; 0.00454854656981; 0.0045209453618; 0.00445308500918; 0.0046390110571
0.00479266116688; 0.00454848808108; 0.00454855254493; 0.00452099793398; 0.00445308057361; 0.00463901345843
0.00479240005339; 0.00454849509274; 0.00454855861417; 0.00452105036674; 0.00445307606433; 0.00463901589807
0.00479213915102; 0.00454850221477; 0.00454856477804; 0.00452110265936; 0.00445307147991; 0.00463901837626
0.00479187846519; 0.00454850944774; 0.004548571037; 0.00452115481113; 0.00445306681891; 0.00463902089323
0.00479161800133; 0.00454851679223; 0.00454857739154; 0.00452120682136; 0.00445306207993; 0.00463902344922
0.00479135776483; 0.0045485242488; 0.0045485838421; 0.00452125868935; 0.00445305726155; 0.00463902604447
0.00479109776111; 0.00454853181798; 0.00454859038916; 0.00452131041442; 0.00445305236236; 0.00463902867922
0.00479083799553; 0.00454853950031; 0.00454859703313; 0.0045213619959; 0.00445304738097; 0.00463903135369
0.00479057847348; 0.00454854729633; 0.00454860377448; 0.00452141343314; 0.00445304231597; 0.00463903406812
0.00479031920031; 0.00454855520654; 0.00454861061361; 0.00452146472548; 0.00445303716599; 0.00463903682274
0.00479006018139; 0.00454856323146; 0.00454861755094; 0.00452151587229; 0.00445303192965; 0.00463903961777
0.00478980142205; 0.00454857137157; 0.00454862458689; 0.00452156687293; 0.00445302660556; 0.00463904245343
0.00478954292762; 0.00454857962737; 0.00454863172185; 0.00452161772679; 0.00445302119236; 0.00463904532995
0.00478928470342; 0.00454858799932; 0.00454863895621; 0.00452166843326; 0.0044530156887; 0.00463904824755
0.00478902675476; 0.00454859648789; 0.00454864629035; 0.00452171899173; 0.00445301009322; 0.00463905120645
0.00478876908693; 0.00454860509353; 0.00454865372463; 0.00452176940162; 0.00445300440456; 0.00463905420686
0.00478851170522; 0.00454861381669; 0.00454866125942; 0.00452181966235; 0.0044529986214; 0.004639057249
0.00478825461489; 0.00454862265779; 0.00454866889508; 0.00452186977334; 0.0044529927424; 0.00463906033309
0.00478799782121; 0.00454863161726; 0.00454867663194; 0.00452191973404; 0.00445298676622; 0.00463906345933
0.00478774132942; 0.00454864069551; 0.00454868447033; 0.0045219695439; 0.00445298069156; 0.00463906662794
0.00478748514475; 0.00454864989293; 0.00454869241059; 0.00452201920237; 0.00445297451709; 0.00463906983911
0.00478722927242; 0.00454865920992; 0.00454870045302; 0.00452206870893; 0.00445296824152; 0.00463907309307
0.00478697371765; 0.00454866864686; 0.00454870859793; 0.00452211806305; 0.00445296186353; 0.00463907639001
0.00478671848561; 0.0045486782041; 0.00454871684561; 0.00452216726422; 0.00445295538183; 0.00463907973013
0.00478646358151; 0.00454868788201; 0.00454872519635; 0.00452221631194; 0.00445294879515; 0.00463908311364
0.0047862090105; 0.00454869768093; 0.00454873365042; 0.00452226520572; 0.00445294210219; 0.00463908654073
0.00478595477774; 0.0045487076012; 0.0045487422081; 0.00452231394507; 0.0044529353017; 0.00463909001161
0.00478570088837; 0.00454871764314; 0.00454875086965; 0.00452236252953; 0.00445292839239; 0.00463909352647
0.00478544734751; 0.00454872780707; 0.00454875963529; 0.00452241095861; 0.004452921373; 0.0046390970855
0.00478521831515; 0.00454873809328; 0.00454876850529; 0.00452245923188; 0.0044529142423; 0.0046391006889
0.00478511174097; 0.00454874850211; 0.0045487774799; 0.00452250734887; 0.00445290699899; 0.00463910433688
0.0047850153876; 0.00454875903453; 0.00454878656; 0.00452255530859; 0.00445289964103; 0.00463910802988
0.00478491192649; 0.00454876969292; 0.00454879574786; 0.00452262669473; 0.00445289216475; 0.00463911176891
0.00478480194403; 0.0045487804809; 0.0045488050469; 0.0045227586889; 0.00445288456518; 0.00463911555545
0.00478468597947; 0.00454879140269; 0.00454881446105; 0.00452287688241; 0.00445287683674; 0.0046391193912
0.00478456452911; 0.00454880246264; 0.00454882399436; 0.00452298426368; 0.00445286897386; 0.00463912327789
0.00478443805045; 0.00454881366519; 0.00454883365087; 0.00452308316157; 0.00445286097093; 0.00463912721729
0.0047843069659; 0.00454882501487; 0.00454884343469; 0.00452317539022; 0.00445285282239; 0.00463913121121
0.00478417166601; 0.00454883651618; 0.00454885334987; 0.00452326236226; 0.00445284452273; 0.00463913526143
0.00478403251226; 0.00454884817362; 0.00454886340042; 0.00452334517723; 0.00445283606654; 0.00463913936972
0.00478388983957; 0.0045488599916; 0.00454887359022; 0.0045234246907; 0.00445282744855; 0.00463914353784
0.0047837439585; 0.0045488719744; 0.00454888392301; 0.00452350156808; 0.00445281866368; 0.00463914776748
0.00478359515721; 0.00454888412612; 0.00454890806541; 0.00452357632672; 0.00445280970704; 0.00463915472444
0.0047834437033; 0.00454891406931; 0.00454894609834; 0.00452364936856; 0.00445280400237; 0.00463916650797
0.00478328984595; 0.00454895555533; 0.0045489801387; 0.00452372100507; 0.00445280060163; 0.00463917703489
0.00478313381795; 0.00454899329169; 0.00454901137859; 0.00452379147671; 0.00445279687695; 0.00463918667434
0.00478297583684; 0.00454902828217; 0.00454904068989; 0.00452386096874; 0.0044527928429; 0.00463919569773
0.00478281610565; 0.00454906129315; 0.00454906871044; 0.00452392962389; 0.00445278851237; 0.00463920430462
0.00478265481374; 0.00454909290969; 0.00454909590689; 0.00452399755209; 0.00445278389676; 0.00463921264179
0.00478249213759; 0.00454912357841; 0.00454912262074; 0.00452406483797; 0.00445277900621; 0.00463922081727
0.0047823282415; 0.0045491536402; 0.0045491491019; 0.00452413154672; 0.00445277384975; 0.00463922891055
0.00478216327834; 0.0045491833552; 0.00454917553327; 0.00452419772853; 0.00445276843545; 0.00463923698013
0.00478199739024; 0.00454921292185; 0.00454920204863; 0.00452426342208; 0.0044527627705; 0.00463924506909
0.00478183070927; 0.0045492424915; 0.00454922874585; 0.00452432865719; 0.00445275686136; 0.00463925320914
0.00478166335801; 0.00454927217944; 0.00454925569641; 0.00452439345691; 0.00445275071383; 0.00463926142363
0.00478149545023; 0.00454930207345; 0.00454928295244; 0.00452445783906; 0.00445274433311; 0.00463926972971
0.00478132709136; 0.00454933224022; 0.00454931055187; 0.00452452181749; 0.00445273772387; 0.00463927814
0.00478115837909; 0.00454936273034; 0.00454933852218; 0.00452458540303; 0.00445273089033; 0.00463928666374
0.00478098940385; 0.00454939358205; 0.00454936688314; 0.00452464860419; 0.00445272383631; 0.00463929530769
0.00478082024927; 0.00454942482415; 0.00454939564885; 0.0045247114277; 0.00445271656523; 0.00463930407676
0.00478065099266; 0.00454945647817; 0.0045494248292; 0.00452477387898; 0.00445270908019; 0.00463931297449
0.0047804817054; 0.00454948856009; 0.00454945443097; 0.00452483596245; 0.00445270138402; 0.00463932200343
0.00478031245336; 0.00454952108159; 0.00454948445865; 0.00452489768176; 0.00445269347926; 0.00463933116534
0.00478014329727; 0.00454955405109; 0.004549514915; 0.00452495904002; 0.00445268536822; 0.00463934046145
0.00477997429305; 0.00454958747447; 0.00454954580148; 0.0045250200399; 0.00445267705301; 0.00463934989253
0.00477980549219; 0.00454962135567; 0.0045495771186; 0.00452508068378; 0.00445266853552; 0.00463935945908
0.00477963694203; 0.0045496556971; 0.00454960886615; 0.00452514097379; 0.00445265981751; 0.00463936916133
0.00477946868603; 0.00454969050005; 0.00454964104338; 0.00452520091191; 0.00445265090056; 0.00463937899936
0.00477930076412; 0.00454972576487; 0.00454967364911; 0.00452526050001; 0.0044526417861; 0.00463938897309
0.00477913321289; 0.00454976149124; 0.00454970668186; 0.00452531973987; 0.00445263247547; 0.00463939908236
0.00477896606587; 0.00454979767832; 0.00454974013992; 0.00452537863319; 0.00445262296986; 0.00463940932694
0.00477879935373; 0.00454983432483; 0.00454977402139; 0.00452543718166; 0.00445261327039; 0.00463941970652
0.00477863310453; 0.00454987142917; 0.00454980832423; 0.00452549538691; 0.00445260337805; 0.00463943022078
0.0047784673439; 0.00454990898952; 0.00454984304633; 0.00452555325058; 0.00445259329379; 0.00463944086936
0.00477830209521; 0.00454994700386; 0.00454987818547; 0.00452561077428; 0.00445258301843; 0.00463945165188
0.00477813737979; 0.00454998547003; 0.00454991373941; 0.00452566795961; 0.00445257255276; 0.00463946256795
0.00477797321703; 0.00455002438576; 0.00454994970583; 0.00452572480815; 0.0044525618975; 0.00463947361715
0.00477780962462; 0.0045500637487; 0.00454998608244; 0.00452578132149; 0.00445255105328; 0.00463948479909
0.00477764661858; 0.00455010355645; 0.00455002286688; 0.00452583750121; 0.00445254002072; 0.00463949611338
0.00477748421349; 0.00455014380658; 0.00455006005683; 0.00452589334887; 0.00445252880036; 0.0046395075596
0.00477732242256; 0.0045501844966; 0.00455009764993; 0.00452594886602; 0.00445251739269; 0.00463951913736
0.00477716125776; 0.00455022562405; 0.00455013564385; 0.00452600405423; 0.00445250579819; 0.00463953084627
0.00477700072991; 0.00455026718644; 0.00455017403626; 0.00452605891502; 0.00445249401727; 0.00463954268595
0.00477684084881; 0.00455030918126; 0.00455021282483; 0.00452611344993; 0.00445248205032; 0.00463955465603
0.00477668162326; 0.00455035160603; 0.00455025200725; 0.00452616766048; 0.00445246989767; 0.00463956675614
0.00477652306124; 0.00455039445827; 0.00455029158122; 0.00452622154817; 0.00445245755966; 0.00463957898592
0.00477636516991; 0.0045504377355; 0.00455033154446; 0.0045262751145; 0.00445244503658; 0.00463959134504
0.0047762079557; 0.00455048143524; 0.00455037189467; 0.00452632836096; 0.00445243232869; 0.00463960383314
0.00477605142437; 0.00455052555504; 0.00455041262959; 0.00452638128902; 0.00445241943622; 0.0046396164499
0.0047758955811; 0.00455057009243; 0.00455045374695; 0.00452643390016; 0.00445240635941; 0.004639629195
0.00477574043049; 0.00455061504495; 0.00455049524449; 0.00452648619584; 0.00445239309845; 0.00463964206812
0.00477558597664; 0.00455066041014; 0.00455053711993; 0.00452653817751; 0.00445237965353; 0.00463965506894
0.00477543222318; 0.00455070618552; 0.00455057937099; 0.00452658984662; 0.0044523660248; 0.00463966819716
0.00477527917333; 0.00455075236861; 0.00455062199539; 0.00452664120463; 0.00445235221244; 0.00463968145248
0.00477512682988; 0.00455079895691; 0.00455066499082; 0.00452669225299; 0.00445233821659; 0.00463969483458
0.00477497519529; 0.00455084594788; 0.00455070835493; 0.00452674299316; 0.00445232403737; 0.00463970834315
0.00477482427166; 0.00455089333896; 0.00455075208536; 0.00452679342661; 0.00445230967494; 0.00463972197789
0.00477467406077; 0.00455094112752; 0.00455079617968; 0.00452684355482; 0.00445229512941; 0.00463973573846
0.0047745245641; 0.00455098931091; 0.00455084063542; 0.00452689337929; 0.00445228040092; 0.00463974962453
0.00477437578286; 0.00455103788636; 0.00455088545003; 0.00452694290155; 0.00445226548962; 0.00463976363575
0.00477422771794; 0.00455108685106; 0.00455093062088; 0.00452699212313; 0.00445225039563; 0.00463977777175
0.00477408037001; 0.00455113620208; 0.00455097614524; 0.00452704104565; 0.00445223511913; 0.00463979203214
0.00477393373943; 0.00455118593637; 0.0045510220203; 0.00452708967073; 0.00445221966028; 0.00463980641649
0.00477378782632; 0.00455123605078; 0.00455106824308; 0.00452713800006; 0.00445220401927; 0.00463982092434
0.00477364263053; 0.00455128654197; 0.00455111481047; 0.00452718603538; 0.00445218819632; 0.0046398355552
0.00477349815161; 0.00455133740644; 0.00455116171919; 0.0045272337785; 0.00445217219169; 0.00463985030853
0.00477335438885; 0.00455138864051; 0.00455120896579; 0.00452728123133; 0.00445215600565; 0.00463986518373
0.00477321134125; 0.00455144024025; 0.00455125654658; 0.00452732839585; 0.00445213963854; 0.00463988018014
0.00477306900747; 0.00455149220149; 0.00455130445764; 0.00452737527414; 0.00445212309072; 0.00463989529703
0.00477292738585; 0.00455154451981; 0.00455135269479; 0.00452742186842; 0.00445210636263; 0.0046399105336
0.0047727864744; 0.00455159719044; 0.00455140125355; 0.00452746818102; 0.00445208945477; 0.00463992588896
0.00477264627071; 0.00455165020829; 0.00455145012911; 0.00452751421442; 0.0044520723677; 0.00463994136211
0.00477250677199; 0.00455170356788; 0.00455149931629; 0.00452755997125; 0.00445205510208; 0.00463995695195
0.004772367975; 0.00455175726332; 0.00455154880953; 0.00452760545435; 0.00445203765865; 0.00463997265727
0.00477222987602; 0.00455181128825; 0.00455159860282; 0.00452765066673; 0.00445202003825; 0.0046399884767
0.00477209247082; 0.0045518656358; 0.00455164868965; 0.00452769561163; 0.00445200224184; 0.00464000440875
0.00477195575458; 0.00455192029856; 0.004551699063; 0.00452774029252; 0.00445198427051; 0.00464002045174
0.00477181972191; 0.0045519752685; 0.00455174971527; 0.00452778471315; 0.00445196612549; 0.00464003660384
0.00477168436672; 0.00455203053694; 0.00455180063823; 0.00452782887754; 0.00445194780815; 0.004640052863
0.00477154968221; 0.00455208609446; 0.00455185182297; 0.00452787279003; 0.00445192932004; 0.00464006922696
0.00477141566079; 0.00455214193088; 0.00455190325982; 0.00452791645528; 0.00445191066289; 0.00464008569324
0.00477128229404; 0.00455219803515; 0.00455195493833; 0.00452795987836; 0.00445189183864; 0.00464010225909
0.00477114957259; 0.00455225439532; 0.00455200684715; 0.00452800306472; 0.00445187284947; 0.0046401189215
0.00477101748609; 0.00455231099844; 0.00455205897402; 0.00452804602023; 0.00445185369775; 0.00464013567715
0.0047708860231; 0.00455236783049; 0.00455211130564; 0.00452808875124; 0.00445183438617; 0.0046401525224
0.00477075517102; 0.00455242487627; 0.00455216382762; 0.00452813126463; 0.00445181491767; 0.00464016945325
0.00477062491597; 0.00455248211939; 0.00455221652441; 0.00452817356778; 0.00445179529552; 0.00464018646534
0.00477049524274; 0.00455253954207; 0.00455226937917; 0.00452821566869; 0.00445177552331; 0.00464020355389
0.00477036613462; 0.00455259712513; 0.00455232237373; 0.00452825757598; 0.00445175560501; 0.00464022071369
0.00477023757336; 0.00455265484785; 0.00455237548846; 0.00452829929894; 0.00445173554496; 0.00464023793906
0.00477010953901; 0.00455271268788; 0.00455242870219; 0.00452834084759; 0.00445171534796; 0.00464025522381
0.00476998200979; 0.00455277062108; 0.00455248199209; 0.0045283822327; 0.00445169501921; 0.00464027256121
0.00476985496197; 0.00455282862149; 0.00455253533356; 0.0045284234659; 0.00445167456445; 0.00464028994396
0.00476972836979; 0.00455288666114; 0.00455258870014; 0.00452846455965; 0.00445165398991; 0.00464030736415
0.0047696022052; 0.00455294470995; 0.00455264206337; 0.00452850552739; 0.00445163330239; 0.0046403248132
0.00476947643783; 0.00455300273558; 0.00455269539268; 0.00452854638352; 0.00445161250929; 0.00464034228184
0.00476935103477; 0.00455306070332; 0.00455274865524; 0.0045285871435; 0.00445159161865; 0.00464035976005
0.0047692259604; 0.00455311857596; 0.00455280181588; 0.00452862782389; 0.00445157063919; 0.00464037723704
0.00476910117628; 0.0045531763136; 0.0045528548369; 0.00452866844245; 0.00445154958036; 0.00464039470116
0.00476897664091; 0.00455323387355; 0.00455290767797; 0.00452870901816; 0.00445152845236; 0.00464041213992
0.00476885230959; 0.00455329121015; 0.00455296029599; 0.00452874957131; 0.00445150726624; 0.00464042953984
0.00476872813423; 0.00455334827463; 0.00455301264491; 0.00452879012357; 0.00445148603389; 0.00464044688651
0.00476860406314; 0.00455340501497; 0.00455306467565; 0.00452883069807; 0.00445146476813; 0.00464046416447
0.00476848004087; 0.0045534613757; 0.00455311633589; 0.00452887131941; 0.00445144348275; 0.00464048135716
0.00476835600796; 0.00455351729779; 0.00455316756997; 0.00452891201382; 0.00445142219255; 0.0046404984469
0.00476823190078; 0.00455357271845; 0.00455321831871; 0.00452895280915; 0.0044514009134; 0.0046405154148
0.0047681076513; 0.00455362757101; 0.0045532685193; 0.00452899373499; 0.00445137966232; 0.00464053224075
0.00476798318691; 0.00455368178475; 0.00455331810513; 0.0045290348227; 0.00445135845748; 0.00464054890333
0.00476785843015; 0.00455373528474; 0.00455336700565; 0.00452907610551; 0.0044513373183; 0.00464056537976
0.00476773329859; 0.00455378799169; 0.00455341514627; 0.00452911761856; 0.00445131626549; 0.00464058164589
0.00476760770454; 0.00455383982183; 0.00455346244819; 0.004529159399; 0.0044512953211; 0.00464059767609
0.00476748155489; 0.00455389068675; 0.00455350882829; 0.00452920148597; 0.00445127450858; 0.00464061344326
0.00476735475092; 0.0045539404933; 0.00455355419904; 0.00452924392074; 0.00445125385282; 0.00464062891874
0.00476722718806; 0.00455398914344; 0.00455359846834; 0.0045292867467; 0.0044512333802; 0.00464064407229
0.00476709875574; 0.00455403653418; 0.00455364153951; 0.00452933000945; 0.00445121311865; 0.00464065887207
0.00476696933722; 0.00455408255746; 0.00455368331115; 0.00452937375677; 0.00445119309768; 0.00464067328458
0.0047668388094; 0.00455412710009; 0.0045537236771; 0.0045294180387; 0.00445117334842; 0.00464068727463
0.00476670704268; 0.0045541700437; 0.00455376252642; 0.00452946290754; 0.00445115390366; 0.00464070080535
0.00476657390087; 0.00455421126471; 0.00455379974335; 0.00452950841787; 0.00445113479787; 0.00464071383815
0.00476643924102; 0.00455425063436; 0.0045538352073; 0.00452955462649; 0.00445111606723; 0.00464072633273
0.0047663029134; 0.00455428801867; 0.00455386879295; 0.0045296015925; 0.00445109774966; 0.00464073824707
0.00476616476136; 0.00455432327855; 0.00455390037021; 0.00452964937714; 0.00445107988477; 0.00464074953746
0.0047660246214; 0.00455435626986; 0.0045539298044; 0.00452969804387; 0.00445106251393; 0.00464076015852
0.00476588232311; 0.00455438684354; 0.00455395695635; 0.0045297476582; 0.00445104568023; 0.00464077006322
0.00476573768925; 0.00455441484581; 0.00455398168254; 0.00452979828765; 0.00445102942843; 0.00464077920295
0.00476559053583; 0.00455444011832; 0.00455400383533; 0.00452985000165; 0.00445101380496; 0.0046407875276
0.00476544067224; 0.00455446249845; 0.00455402326324; 0.0045299028714; 0.00445099885784; 0.0046407949856
0.00476528790144; 0.00455448181958; 0.00455403981117; 0.00452995696971; 0.00445098463666; 0.00464080152405
0.00476513202022; 0.00455449791148; 0.00455405332082; 0.00453001237085; 0.00445097119246; 0.00464080708883
0.00476497281946; 0.00455451060069; 0.00455406363105; 0.0045300691503; 0.00445095857764; 0.00464081162471
0.00476481008454; 0.00455451971099; 0.00455407057831; 0.00453012738459; 0.00445094684588; 0.00464081507553
0.00476464359576; 0.00455452506392; 0.00455407399719; 0.00453018715101; 0.00445093605195; 0.00464081738438
0.00476447312884; 0.0045545264794; 0.00455407372094; 0.00453024852731; 0.00445092625163; 0.00464081849375
0.0047642984555; 0.00455452377632; 0.00455406958212; 0.00453031159142; 0.00445091750149; 0.0046408183458
0.00476411934412; 0.00455451677329; 0.00455406141324; 0.0045303764211; 0.00445090985871; 0.00464081688255
0.00476393556051; 0.0045545052894; 0.00455404904754; 0.00453044309357; 0.00445090338088; 0.00464081404616
0.00476374686873; 0.00455448914503; 0.00455403231973; 0.00453051168513; 0.00445089812577; 0.00464080977924
0.00476355303199; 0.0045544681628; 0.00455401106689; 0.00453058227068; 0.00445089415106; 0.00464080402508
0.00476335381371; 0.00455444216849; 0.00455398512935; 0.00453065492336; 0.00445089151409; 0.00464079672805
0.00476314897858; 0.00455441099205; 0.00455395435166; 0.004530729714; 0.00445089027156; 0.00464078783388
0.00476293829378; 0.00455437446869; 0.00455391858357; 0.00453080671063; 0.0044508904792; 0.00464077729006
0.0047627215303; 0.00455433244; 0.00455387768112; 0.00453088597802; 0.0044508921915; 0.00464076504623
0.00476249846424; 0.0045542847551; 0.00455383150773; 0.00453096757708; 0.00445089546129; 0.00464075105451
0.00476226887837; 0.00455423127185; 0.00455377993532; 0.00453105156432; 0.00445090033945; 0.00464073526997
0.00476203256364; 0.00455417185809; 0.00455372284544; 0.00453113799133; 0.00445090687449; 0.00464071765103
0.00476178932079; 0.00455410639291; 0.0045536601305; 0.00453122690415; 0.00445091511222; 0.00464069815986
0.00476153896212; 0.0045540347679; 0.00455359169493; 0.00453131834277; 0.00445092509532; 0.00464067676284
0.00476128131319; 0.00455395688848; 0.00455351745636; 0.00453141234051; 0.00445093686298; 0.00464065343098
0.00476101621468; 0.0045538726751; 0.00455343734682; 0.00453150892349; 0.0044509504505; 0.00464062814031
0.00476074352424; 0.00455378206458; 0.0045533513139; 0.00453160811008; 0.0044509658889; 0.00464060087236
0.00476046311838; 0.0045536850113; 0.00455325932186; 0.00453170991039; 0.00445098320458; 0.00464057161451
0.00476017489437; 0.00455358148839; 0.00455316135277; 0.00453181432577; 0.00445100241889; 0.00464054036039
0.00475987877216; 0.00455347148884; 0.00455305740748; 0.00453192134837; 0.00445102354785; 0.00464050711027
0.00475957469619; 0.00455335502663; 0.00455294750661; 0.00453203096068; 0.00445104660177; 0.00464047187136
0.00475926263733; 0.00455323213765; 0.00455283169146; 0.00453214313521; 0.00445107158497; 0.00464043465814
0.00475894259453; 0.00455310288062; 0.00455271002476; 0.00453225783414; 0.00445109849551; 0.00464039549263
0.00475861459658; 0.00455296733782; 0.00455258259138; 0.00453237500905; 0.00445112732493; 0.0046403544046
0.00475827870362; 0.00455282561579; 0.00455244949885; 0.00453249460078; 0.00445115805805; 0.00464031143176
0.00475793500861; 0.00455267784583; 0.00455231087785; 0.00453261653923; 0.00445119067281; 0.00464026661989
0.00475758363854; 0.00455252418437; 0.00455216688248; 0.00453274074337; 0.00445122514015; 0.00464022002294
0.00475722475556; 0.00455236481316; 0.00455201769036; 0.00453286712124; 0.00445126142391; 0.004640171703
0.0047568585578; 0.00455219993932; 0.00455186350268; 0.00453299557005; 0.00445129948084; 0.00464012173029
0.00475648528002; 0.00455202979524; 0.00455170454398; 0.00453312597637; 0.00445133926059; 0.00464007018308
0.00475610519396; 0.00455185463821; 0.00455154106177; 0.00453325821644; 0.0044513807058; 0.00464001714749
0.00475571860842; 0.00455167474998; 0.00455137332605; 0.00453339215647; 0.00445142375222; 0.00463996271724
0.00475532586906; 0.00455149043602; 0.00455120162859; 0.00453352765312; 0.00445146832887; 0.00463990699342
0.00475492735785; 0.00455130202466; 0.00455102628201; 0.004533664554; 0.00445151435832; 0.00463985008409
0.00475452349226; 0.00455110986605; 0.00455084761877; 0.00453380269831; 0.00445156175691; 0.00463979210385
0.00475411472403; 0.00455091433087; 0.00455066598992; 0.00453394191746; 0.00445161043509; 0.00463973317339
0.00475370153769; 0.00455071580895; 0.00455048176371; 0.00453408203584; 0.00445166029779; 0.00463967341893
0.00475328444869; 0.00455051470764; 0.00455029532407; 0.00453422287164; 0.00445171124485; 0.00463961297167
0.00475286400127; 0.00455031145009; 0.00455010706888; 0.0045343642377; 0.00445176317145; 0.0046395519671
0.00475244076592; 0.00455010647333; 0.00454991740822; 0.00453450594241; 0.00445181596857; 0.0046394905444
0.00475201533666; 0.00454990022628; 0.00454972676236; 0.00453464779068; 0.00445186952352; 0.00463942884563
0.00475158832796; 0.00454969316759; 0.0045495355598; 0.00453478958492; 0.0044519237205; 0.00463936701512
0.00475116037149; 0.00454948576341; 0.0045493442351; 0.00453493112606; 0.00445197844108; 0.0046393051986
0.00475073211263; 0.00454927848511; 0.00454915322677; 0.00453507221453; 0.00445203356483; 0.00463924354249
0.00475030420677; 0.00454907180689; 0.00454896297497; 0.0045352126513; 0.00445208896983; 0.00463918219308
0.00474987731558; 0.00454889335007; 0.00454885970549; 0.00453535223893; 0.00445214453332; 0.00463914282118
0.00474945210495; 0.00454882452962; 0.00454880612104; 0.00453549078169; 0.00445220013194; 0.00463911995594
0.00474902925063; 0.00454875958058; 0.00454874672757; 0.00453562808252; 0.00445225564112; 0.00463909477599
0.00474860943841; 0.00454868909909; 0.00454868249073; 0.00453576394265; 0.00445231093502; 0.00463906771898
0.0047481933558; 0.00454861396724; 0.00454861428911; 0.00453589816485; 0.00445236588757; 0.00463903917643
0.00474778168397; 0.00454853500678; 0.00454854292725; 0.00453603055627; 0.00445242037344; 0.00463900949941
0.00474737509053; 0.00454845298654; 0.00454846914549; 0.00453616093074; 0.00445247426901; 0.00463897900325
0.0047469742233; 0.00454836862785; 0.00454839362729; 0.00453628911047; 0.00445252745314; 0.00463894797155
0.00474657970488; 0.00454828260855; 0.00454831700485; 0.00453641492744; 0.00445257980784; 0.00463891665957
0.00474619212807; 0.00454819556576; 0.0045482398632; 0.00453653822443; 0.00445263121894; 0.00463888529714
0.00474581205191; 0.00454810809783; 0.00454816274331; 0.00453665885574; 0.00445268157658; 0.00463885409111
0.00474543999847; 0.00454802076552; 0.00454808614442; 0.00453677668777; 0.00445273077566; 0.00463882322746
0.00474507645029; 0.00454793409292; 0.00454801052586; 0.00453689159943; 0.00445282394227; 0.00463879287316
0.00474472184817; 0.00454784856776; 0.00454793630841; 0.00453700348234; 0.00445295216594; 0.00463876317769
0.00474437658869; 0.0045477646414; 0.00454786387518; 0.00453711224141; 0.00445306645809; 0.00463873427431
0.00474404102317; 0.00454768272904; 0.00454779357263; 0.00453721779477; 0.00445316856292; 0.00463870628126
0.00474371545785; 0.00454760321002; 0.00454772571177; 0.00453732007342; 0.00445325992234; 0.0046386793029
0.00474340015427; 0.00454752642831; 0.00454766056935; 0.00453741902081; 0.00445334172912; 0.00463865343073
0.00474309533014; 0.00454745269301; 0.00454759838906; 0.00453751459242; 0.00445341497115; 0.00463862874431
0.00474280116027; 0.00454738227896; 0.00454753938282; 0.00453760675533; 0.0044534804681; 0.0046386053121
0.00474251777789; 0.0045473154276; 0.00454748373208; 0.00453769548773; 0.00445353890177; 0.0046385831922
0.00474224527612; 0.0045472523478; 0.0045474315892; 0.00453778077844; 0.00445359084127; 0.00463856243309
0.00474198370966; 0.00454719321699; 0.00454738307895; 0.0045378626264; 0.00445363676378; 0.00463854307426
0.00474173309663; 0.00454713818237; 0.00454733829996; 0.0045379410401; 0.00445367707167; 0.00463852514684
0.00474149342057; 0.00454708736225; 0.00454729732638; 0.00453801603704; 0.00445371210668; 0.0046385086742
0.0047412646325; 0.00454704084751; 0.00454726020938; 0.00453808764316; 0.00445374216149; 0.00463849367249
0.00474104665313; 0.00454699870316; 0.00454722697885; 0.00453815589226; 0.00445376748922; 0.00463848015119
0.00474083937508; 0.00454696096997; 0.00454719764498; 0.00453822082536; 0.00445378831125; 0.00463846811359
0.00474064266512; 0.00454692766615; 0.00454717219993; 0.00453828249019; 0.00445380482357; 0.00463845755733
0.00474045636643; 0.00454689878903; 0.00454715061938; 0.00453834094054; 0.0044538172019; 0.00463844847485
0.00474028030086; 0.00454687431683; 0.00454713286411; 0.00453839623572; 0.00445382560591; 0.00463844085384
0.00474011427113; 0.00454685421031; 0.00454711888153; 0.00453844843994; 0.00445383018252; 0.00463843467766
0.00473995806299; 0.00454683841452; 0.00454710860715; 0.0045384976218; 0.00445383106866; 0.0046384299258
0.00473981144729; 0.00454682686038; 0.00454710196595; 0.00453854385376; 0.00445382839336; 0.00463842657425
0.00473967418203; 0.00454681946632; 0.00454709887374; 0.00453858721155; 0.00445382227944; 0.00463842459591
0.00473954601423; 0.00454681613976; 0.00454709923839; 0.00453862777375; 0.00445381284484; 0.00463842396089
0.00473942668179; 0.00454681677862; 0.00454710296106; 0.00453866562128; 0.00445380020365; 0.00463842463695
0.00473931591518; 0.00454682127265; 0.00454710993725; 0.00453870083698; 0.00445378446684; 0.00463842658976
0.0047392134391; 0.0045468295047; 0.00454712005785; 0.00453873350514; 0.00445376574289; 0.00463842978322
0.0047391189739; 0.004546841352; 0.00454713321008; 0.00453876371115; 0.00445374413817; 0.00463843417974
0.00473903223703; 0.0045468566872; 0.00454714927836; 0.00453879154113; 0.00445371975725; 0.00463843974055
0.00473895294428; 0.00454687537942; 0.00454716814508; 0.00453881708159; 0.0044536927031; 0.00463844642591
0.00473888081097; 0.0045468972952; 0.00454718969133; 0.00453884041909; 0.00445366307721; 0.00463845419536
0.00473881555295; 0.00454692229934; 0.00454721379756; 0.00453886164; 0.00445363097964; 0.00463846300792
0.00473875688762; 0.00454695025566; 0.00454724034413; 0.00453888083024; 0.00445359650909; 0.00463847282231
0.00473870453469; 0.00454698102772; 0.00454726921181; 0.00453889807502; 0.00445355976282; 0.00463848359709
0.00473865821699; 0.00454701447939; 0.0045473002823; 0.00453891345868; 0.00445352083666; 0.00463849529087
0.00473861766108; 0.00454705047542; 0.00454733343853; 0.00453892706447; 0.00445347982496; 0.0046385078624
0.00473858259783; 0.00454708888192; 0.00454736856509; 0.00453893897442; 0.00445343682053; 0.00463852127076
0.00473855276289; 0.00454712956674; 0.00454740554846; 0.00453894926923; 0.00445339191459; 0.00463853547541
0.00473852789708; 0.00454717239986; 0.00454744427729; 0.0045389580281; 0.00445334519671; 0.00463855043635
0.00473850774674; 0.00454721725363; 0.0045474846426; 0.00453896532868; 0.00445329675477; 0.00463856611416
0.00473849206395; 0.0045472640031; 0.00454752653794; 0.00453897124698; 0.00445324667489; 0.00463858247008
0.00473848060675; 0.00454731252616; 0.00454756985955; 0.00453897585733; 0.00445319504143; 0.00463859946612
0.00473847313928; 0.0045473627037; 0.00454761450642; 0.00453897923234; 0.00445314193693; 0.00463861706506
0.00473846943182; 0.00454741441979; 0.00454766038041; 0.00453898144285; 0.00445308744209; 0.00463863523048
0.00473846926089; 0.0045474675617; 0.00454770738626; 0.00453898255794; 0.00445303163577; 0.00463865392685
0.00473847240921; 0.00454752202001; 0.00454775543164; 0.00453898264491; 0.00445297459501; 0.00463867311951
0.00473847866564; 0.00454757768863; 0.00454780442716; 0.00453898176934; 0.004452916395; 0.00463869277469
0.00473848782513; 0.00454763446478; 0.00454785428633; 0.00453897999504; 0.00445285710909; 0.00463871285952
0.00473849968858; 0.00454769224904; 0.00454790492556; 0.00453897738413; 0.00445279680888; 0.00463873334204
0.00473851406275; 0.00454775094526; 0.00454795626412; 0.00453897399709; 0.00445275300325; 0.00463875419118
0.00473853075993; 0.00454781046051; 0.00454800822403; 0.00453896989278; 0.00445273053391; 0.00463877537675
0.00473854959733; 0.00454787070487; 0.00454806072991; 0.00453896512872; 0.00445270599631; 0.00463879686936
0.00473857039667; 0.0045479315913; 0.00454811370878; 0.00453895976121; 0.00445267953417; 0.00463881864039
0.00473859298416; 0.00454799303563; 0.0045481670901; 0.00453895384529; 0.00445265128207; 0.00463884066196
0.00473861719051; 0.00454805495647; 0.00454822080572; 0.00453894743471; 0.00445262136627; 0.00463886290697
0.00473864285082; 0.00454811727521; 0.00454827478983; 0.00453894058201; 0.00445258990551; 0.00463888534902
0.00473866980443; 0.00454817991592; 0.0045483289789; 0.00453893333851; 0.00445255701161; 0.00463890796244
0.00473869789478; 0.0045482428053; 0.00454838331161; 0.00453892575436; 0.00445252279018; 0.00463893072225
0.00473872696919; 0.00454830587257; 0.0045484377288; 0.00453891787861; 0.00445248734109; 0.00463895360413
0.00473875687868; 0.00454836904938; 0.00454849217335; 0.00453890975925; 0.00445245075898; 0.00463897658441
0.00473878747771; 0.00454843226972; 0.00454854659012; 0.0045389014433; 0.00445241313374; 0.00463899963999
0.00473881862396; 0.00454849546983; 0.00454860092586; 0.00453889297685; 0.0044523745509; 0.00463902274837
0.00473885017806; 0.00454855858803; 0.0045486551291; 0.00453888440519; 0.00445233509199; 0.00463904588754
0.00473888200338; 0.00454862156471; 0.00454870915007; 0.00453887577281; 0.00445229483491; 0.00463906903603
0.00473891396573; 0.00454868434212; 0.00454876294062; 0.00453886712353; 0.0044522538542; 0.00463909217277
0.00473894593315; 0.00454874686436; 0.00454881645408; 0.00453885850057; 0.00445221222137; 0.00463911527715
0.00473897777561; 0.0045488090772; 0.00454886964523; 0.00453884994661; 0.00445217000515; 0.00463913832891
0.00473900936481; 0.00454887092797; 0.00454901687547; 0.00453884150386; 0.0044521272717; 0.00463917697084
0.00473904057604; 0.00454904331869; 0.00454920122421; 0.00453883321339; 0.00445208408464; 0.0046392385694
0.00473907129718; 0.00454924331926; 0.0045493634056; 0.00453882511188; 0.00445204050419; 0.00463929240928
0.00473910143383; 0.00454942193566; 0.00454950914784; 0.00453881722982; 0.00445199658655; 0.00463934048526
0.0047391309031; 0.00454958399205; 0.00454964261563; 0.00453880959388; 0.00445195238451; 0.00463938425495
0.00473915962674; 0.00454973314823; 0.00454976682946; 0.00453880222933; 0.00445190794822; 0.00463942478145
0.00473918752677; 0.0045498721739; 0.00454988397268; 0.00453879516162; 0.00445186332586; 0.00463946283812
0.00473921452265; 0.00455000315857; 0.00454999561639; 0.00453878841732; 0.00445181856403; 0.0046394989854
0.00473924052972; 0.00455012767214; 0.00455010288393; 0.00453878202462; 0.00445177370821; 0.00463953362732
0.00473926545839; 0.00455024688771; 0.00455020657115; 0.00453877601356; 0.00445172880302; 0.00463956705292
0.00473928921371; 0.00455036167533; 0.00455030723435; 0.00453877041613; 0.00445168389247; 0.00463959946663
0.00473931169531; 0.00455047267358; 0.00455040525451; 0.00453876526623; 0.00445163902015; 0.00463963101066
0.00473933279755; 0.00455058034424; 0.00455050088419; 0.00453876059961; 0.00445159422943; 0.00463966178132
0.00473935240972; 0.00455068501393; 0.00455059428178; 0.00453875645373; 0.00445154956355; 0.00463969184107
0.00473937041625; 0.00455078690593; 0.00455068553657; 0.00453875286771; 0.00445150506573; 0.00463972122734
0.00473938669704; 0.00455088616439; 0.00455077468692; 0.00453874988214; 0.00445146077932; 0.00463974995902
0.00473940112767; 0.00455098287277; 0.00455086173364; 0.00453874753903; 0.0044514167478; 0.00463977804117
0.00473941357967; 0.00455107706797; 0.00455094664971; 0.00453874588168; 0.00445137301493; 0.00463980546857
0.00473942392079; 0.00455116875099; 0.00455102938738; 0.0045387449546; 0.00445132962474; 0.00463983222824
0.00473943201513; 0.00455125789517; 0.00455110988337; 0.0045387448034; 0.00445128662159; 0.00463985830133
0.00473943772346; 0.0045513444524; 0.00455118806267; 0.00453874547475; 0.00445124405025; 0.00463988366454
0.00473944090331; 0.00455142835792; 0.00455126384135; 0.00453874701626; 0.00445120195583; 0.0046399082911
0.00473944140926; 0.00455150953397; 0.00455133712863; 0.00453874947643; 0.00445116038392; 0.00463993215158
0.00473943909307; 0.00455158789259; 0.00455140782846; 0.00453875290455; 0.0044511193805; 0.00463995521444
0.00473943380391; 0.00455166333787; 0.00455147584063; 0.00453875735064; 0.00445107899197; 0.00463997744646
0.00473942538861; 0.00455173576761; 0.00455154106171; 0.00453876286533; 0.00445103926517; 0.0046399988131
0.00473941369187; 0.00455180507467; 0.00455160338577; 0.00453876949981; 0.00445100024732; 0.00464001927875
0.00473939855653; 0.00455187114811; 0.00455166270498; 0.0045387773057; 0.00445096198599; 0.00464003880693
0.00473937982384; 0.00455193387407; 0.00455171891007; 0.00453878633493; 0.0044509245291; 0.00464005736052
0.00473935733383; 0.00455199313652; 0.0045517718908; 0.00453879663963; 0.00445088792482; 0.00464007490188
0.00473933092562; 0.00455204881796; 0.0045518215364; 0.00453880827203; 0.00445085222154; 0.00464009139303
0.00473930043782; 0.0045521008; 0.00455186773595; 0.00453882128425; 0.00445081746778; 0.00464010679581
0.00473926570897; 0.00455214896393; 0.00455191037879; 0.00453883572818; 0.00445078371212; 0.00464012107196
0.004739226578; 0.00455219319126; 0.00455194935492; 0.0045388516553; 0.00445075100308; 0.00464013418333
0.00473918288476; 0.00455223336428; 0.00455198455543; 0.00453886911651; 0.00445071938905; 0.00464014609203
0.00473913447057; 0.00455226936653; 0.00455201587297; 0.0045388881619; 0.00445068891811; 0.00464015676054
0.00473908117883; 0.00455230108342; 0.00455204320217; 0.00453890884057; 0.00445065963795; 0.00464016615193
0.00473902285564; 0.0045523284027; 0.00455206644017; 0.00453893120035; 0.0044506315957; 0.00464017423
0.00473895935057; 0.00455235121511; 0.00455208548708; 0.00453895528764; 0.00445060483777; 0.00464018095947
0.00473889051731; 0.00455236941495; 0.0045521002466; 0.00453898114709; 0.00445057940969; 0.0046401863062
